S,rd,price
0.00000000,-0.02000000,0.00000000
0.00000000,-0.01586207,0.00000000
0.00000000,-0.01172414,0.00000000
0.00000000,-0.00758621,0.00000000
0.00000000,-0.00344828,0.00000000
0.00000000,0.00068966,0.00000000
0.00000000,0.00482759,0.00000000
0.00000000,0.00896552,0.00000000
0.00000000,0.01310345,0.00000000
0.00000000,0.01724138,0.00000000
0.00000000,0.02137931,0.00000000
0.00000000,0.02551724,0.00000000
0.00000000,0.02965517,0.00000000
0.00000000,0.03379310,0.00000000
0.00000000,0.03793103,0.00000000
0.00000000,0.04206897,0.00000000
0.00000000,0.04620690,0.00000000
0.00000000,0.05034483,0.00000000
0.00000000,0.05448276,0.00000000
0.00000000,0.05862069,0.00000000
0.00000000,0.06275862,0.00000000
0.00000000,0.06689655,0.00000000
0.00000000,0.07103448,0.00000000
0.00000000,0.07517241,0.00000000
0.00000000,0.07931034,0.00000000
0.00000000,0.08344828,0.00000000
0.00000000,0.08758621,0.00000000
0.00000000,0.09172414,0.00000000
0.00000000,0.09586207,0.00000000
0.00000000,0.10000000,0.00000000
0.05063291,-0.02000000,0.00000000
0.05063291,-0.01586207,0.00000000
0.05063291,-0.01172414,0.00000000
0.05063291,-0.00758621,-0.00000000
0.05063291,-0.00344828,-0.00000000
0.05063291,0.00068966,-0.00000000
0.05063291,0.00482759,0.00000000
0.05063291,0.00896552,0.00000000
0.05063291,0.01310345,0.00000000
0.05063291,0.01724138,0.00000000
0.05063291,0.02137931,0.00000000
0.05063291,0.02551724,0.00000000
0.05063291,0.02965517,0.00000000
0.05063291,0.03379310,0.00000000
0.05063291,0.03793103,0.00000000
0.05063291,0.04206897,0.00000000
0.05063291,0.04620690,0.00000000
0.05063291,0.05034483,0.00000000
0.05063291,0.05448276,0.00000000
0.05063291,0.05862069,0.00000000
0.05063291,0.06275862,0.00000000
0.05063291,0.06689655,0.00000000
0.05063291,0.07103448,0.00000000
0.05063291,0.07517241,0.00000000
0.05063291,0.07931034,0.00000000
0.05063291,0.08344828,0.00000000
0.05063291,0.08758621,0.00000000
0.05063291,0.09172414,0.00000000
0.05063291,0.09586207,0.00000000
0.05063291,0.10000000,0.00000000
0.10126582,-0.02000000,-0.00000000
0.10126582,-0.01586207,-0.00000000
0.10126582,-0.01172414,-0.00000000
0.10126582,-0.00758621,0.00000000
0.10126582,-0.00344828,0.00000000
0.10126582,0.00068966,0.00000000
0.10126582,0.00482759,0.00000000
0.10126582,0.00896552,0.00000000
0.10126582,0.01310345,0.00000000
0.10126582,0.01724138,0.00000000
0.10126582,0.02137931,0.00000000
0.10126582,0.02551724,0.00000000
0.10126582,0.02965517,0.00000000
0.10126582,0.03379310,0.00000000
0.10126582,0.03793103,0.00000000
0.10126582,0.04206897,0.00000000
0.10126582,0.04620690,0.00000000
0.10126582,0.05034483,0.00000000
0.10126582,0.05448276,0.00000000
0.10126582,0.05862069,0.00000000
0.10126582,0.06275862,0.00000000
0.10126582,0.06689655,0.00000000
0.10126582,0.07103448,0.00000000
0.10126582,0.07517241,0.00000000
0.10126582,0.07931034,0.00000000
0.10126582,0.08344828,0.00000000
0.10126582,0.08758621,0.00000000
0.10126582,0.09172414,0.00000000
0.10126582,0.09586207,0.00000000
0.10126582,0.10000000,0.00000000
0.15189873,-0.02000000,0.00000000
0.15189873,-0.01586207,0.00000000
0.15189873,-0.01172414,0.00000000
0.15189873,-0.00758621,0.00000000
0.15189873,-0.00344828,0.00000000
0.15189873,0.00068966,0.00000000
0.15189873,0.00482759,0.00000000
0.15189873,0.00896552,0.00000000
0.15189873,0.01310345,0.00000000
0.15189873,0.01724138,0.00000000
0.15189873,0.02137931,0.00000000
0.15189873,0.02551724,0.00000000
0.15189873,0.02965517,0.00000000
0.15189873,0.03379310,0.00000000
0.15189873,0.03793103,0.00000000
0.15189873,0.04206897,0.00000000
0.15189873,0.04620690,0.00000000
0.15189873,0.05034483,0.00000000
0.15189873,0.05448276,0.00000000
0.15189873,0.05862069,0.00000000
0.15189873,0.06275862,0.00000000
0.15189873,0.06689655,0.00000000
0.15189873,0.07103448,0.00000000
0.15189873,0.07517241,0.00000000
0.15189873,0.07931034,0.00000000
0.15189873,0.08344828,0.00000000
0.15189873,0.08758621,0.00000000
0.15189873,0.09172414,0.00000000
0.15189873,0.09586207,0.00000000
0.15189873,0.10000000,0.00000000
0.20253165,-0.02000000,0.00000000
0.20253165,-0.01586207,0.00000000
0.20253165,-0.01172414,0.00000000
0.20253165,-0.00758621,0.00000000
0.20253165,-0.00344828,0.00000000
0.20253165,0.00068966,0.00000000
0.20253165,0.00482759,0.00000000
0.20253165,0.00896552,0.00000000
0.20253165,0.01310345,0.00000000
0.20253165,0.01724138,0.00000000
0.20253165,0.02137931,0.00000000
0.20253165,0.02551724,0.00000000
0.20253165,0.02965517,0.00000000
0.20253165,0.03379310,0.00000000
0.20253165,0.03793103,0.00000000
0.20253165,0.04206897,0.00000000
0.20253165,0.04620690,0.00000000
0.20253165,0.05034483,0.00000000
0.20253165,0.05448276,0.00000000
0.20253165,0.05862069,0.00000000
0.20253165,0.06275862,0.00000000
0.20253165,0.06689655,0.00000000
0.20253165,0.07103448,0.00000000
0.20253165,0.07517241,0.00000000
0.20253165,0.07931034,0.00000000
0.20253165,0.08344828,0.00000000
0.20253165,0.08758621,0.00000000
0.20253165,0.09172414,0.00000000
0.20253165,0.09586207,0.00000000
0.20253165,0.10000000,0.00000000
0.25316456,-0.02000000,0.00000000
0.25316456,-0.01586207,0.00000000
0.25316456,-0.01172414,0.00000000
0.25316456,-0.00758621,0.00000000
0.25316456,-0.00344828,0.00000000
0.25316456,0.00068966,0.00000000
0.25316456,0.00482759,0.00000000
0.25316456,0.00896552,0.00000000
0.25316456,0.01310345,0.00000000
0.25316456,0.01724138,0.00000000
0.25316456,0.02137931,0.00000000
0.25316456,0.02551724,0.00000000
0.25316456,0.02965517,0.00000000
0.25316456,0.03379310,0.00000000
0.25316456,0.03793103,0.00000000
0.25316456,0.04206897,0.00000000
0.25316456,0.04620690,0.00000000
0.25316456,0.05034483,0.00000000
0.25316456,0.05448276,0.00000000
0.25316456,0.05862069,0.00000000
0.25316456,0.06275862,0.00000000
0.25316456,0.06689655,0.00000000
0.25316456,0.07103448,0.00000000
0.25316456,0.07517241,0.00000000
0.25316456,0.07931034,0.00000000
0.25316456,0.08344828,0.00000000
0.25316456,0.08758621,0.00000000
0.25316456,0.09172414,0.00000000
0.25316456,0.09586207,0.00000000
0.25316456,0.10000000,0.00000000
0.30379747,-0.02000000,0.00000000
0.30379747,-0.01586207,0.00000000
0.30379747,-0.01172414,0.00000000
0.30379747,-0.00758621,0.00000000
0.30379747,-0.00344828,0.00000000
0.30379747,0.00068966,0.00000000
0.30379747,0.00482759,0.00000000
0.30379747,0.00896552,0.00000000
0.30379747,0.01310345,0.00000000
0.30379747,0.01724138,0.00000000
0.30379747,0.02137931,0.00000000
0.30379747,0.02551724,0.00000000
0.30379747,0.02965517,0.00000000
0.30379747,0.03379310,0.00000000
0.30379747,0.03793103,0.00000000
0.30379747,0.04206897,0.00000000
0.30379747,0.04620690,0.00000000
0.30379747,0.05034483,0.00000000
0.30379747,0.05448276,0.00000000
0.30379747,0.05862069,0.00000000
0.30379747,0.06275862,0.00000000
0.30379747,0.06689655,0.00000000
0.30379747,0.07103448,0.00000000
0.30379747,0.07517241,0.00000000
0.30379747,0.07931034,0.00000000
0.30379747,0.08344828,0.00000000
0.30379747,0.08758621,0.00000000
0.30379747,0.09172414,0.00000000
0.30379747,0.09586207,0.00000000
0.30379747,0.10000000,0.00000000
0.35443038,-0.02000000,0.00000000
0.35443038,-0.01586207,0.00000000
0.35443038,-0.01172414,0.00000000
0.35443038,-0.00758621,0.00000000
0.35443038,-0.00344828,0.00000000
0.35443038,0.00068966,0.00000000
0.35443038,0.00482759,0.00000000
0.35443038,0.00896552,0.00000000
0.35443038,0.01310345,0.00000000
0.35443038,0.01724138,0.00000000
0.35443038,0.02137931,0.00000000
0.35443038,0.02551724,0.00000000
0.35443038,0.02965517,0.00000000
0.35443038,0.03379310,0.00000000
0.35443038,0.03793103,0.00000000
0.35443038,0.04206897,0.00000000
0.35443038,0.04620690,0.00000000
0.35443038,0.05034483,0.00000000
0.35443038,0.05448276,0.00000000
0.35443038,0.05862069,0.00000000
0.35443038,0.06275862,0.00000000
0.35443038,0.06689655,0.00000000
0.35443038,0.07103448,0.00000000
0.35443038,0.07517241,0.00000000
0.35443038,0.07931034,0.00000000
0.35443038,0.08344828,0.00000000
0.35443038,0.08758621,0.00000000
0.35443038,0.09172414,0.00000000
0.35443038,0.09586207,0.00000000
0.35443038,0.10000000,0.00000000
0.40506329,-0.02000000,0.00000000
0.40506329,-0.01586207,0.00000000
0.40506329,-0.01172414,0.00000000
0.40506329,-0.00758621,0.00000000
0.40506329,-0.00344828,0.00000000
0.40506329,0.00068966,0.00000000
0.40506329,0.00482759,0.00000000
0.40506329,0.00896552,0.00000000
0.40506329,0.01310345,0.00000000
0.40506329,0.01724138,0.00000000
0.40506329,0.02137931,0.00000000
0.40506329,0.02551724,0.00000000
0.40506329,0.02965517,0.00000000
0.40506329,0.03379310,0.00000000
0.40506329,0.03793103,0.00000000
0.40506329,0.04206897,0.00000000
0.40506329,0.04620690,0.00000000
0.40506329,0.05034483,0.00000000
0.40506329,0.05448276,0.00000000
0.40506329,0.05862069,0.00000000
0.40506329,0.06275862,0.00000000
0.40506329,0.06689655,0.00000000
0.40506329,0.07103448,0.00000000
0.40506329,0.07517241,0.00000000
0.40506329,0.07931034,0.00000000
0.40506329,0.08344828,0.00000000
0.40506329,0.08758621,0.00000000
0.40506329,0.09172414,0.00000000
0.40506329,0.09586207,0.00000000
0.40506329,0.10000000,0.00000000
0.45569620,-0.02000000,0.00000000
0.45569620,-0.01586207,0.00000000
0.45569620,-0.01172414,0.00000000
0.45569620,-0.00758621,0.00000000
0.45569620,-0.00344828,0.00000000
0.45569620,0.00068966,0.00000000
0.45569620,0.00482759,0.00000000
0.45569620,0.00896552,0.00000000
0.45569620,0.01310345,0.00000000
0.45569620,0.01724138,0.00000000
0.45569620,0.02137931,0.00000000
0.45569620,0.02551724,0.00000000
0.45569620,0.02965517,0.00000000
0.45569620,0.03379310,0.00000000
0.45569620,0.03793103,0.00000000
0.45569620,0.04206897,0.00000000
0.45569620,0.04620690,0.00000000
0.45569620,0.05034483,0.00000000
0.45569620,0.05448276,0.00000000
0.45569620,0.05862069,0.00000000
0.45569620,0.06275862,0.00000000
0.45569620,0.06689655,0.00000000
0.45569620,0.07103448,0.00000000
0.45569620,0.07517241,0.00000000
0.45569620,0.07931034,0.00000000
0.45569620,0.08344828,0.00000000
0.45569620,0.08758621,0.00000001
0.45569620,0.09172414,0.00000001
0.45569620,0.09586207,0.00000001
0.45569620,0.10000000,0.00000001
0.50632911,-0.02000000,0.00000000
0.50632911,-0.01586207,0.00000000
0.50632911,-0.01172414,0.00000000
0.50632911,-0.00758621,0.00000000
0.50632911,-0.00344828,0.00000000
0.50632911,0.00068966,0.00000000
0.50632911,0.00482759,0.00000000
0.50632911,0.00896552,0.00000000
0.50632911,0.01310345,0.00000000
0.50632911,0.01724138,0.00000000
0.50632911,0.02137931,0.00000000
0.50632911,0.02551724,0.00000000
0.50632911,0.02965517,0.00000000
0.50632911,0.03379310,0.00000000
0.50632911,0.03793103,0.00000001
0.50632911,0.04206897,0.00000001
0.50632911,0.04620690,0.00000001
0.50632911,0.05034483,0.00000001
0.50632911,0.05448276,0.00000001
0.50632911,0.05862069,0.00000002
0.50632911,0.06275862,0.00000002
0.50632911,0.06689655,0.00000003
0.50632911,0.07103448,0.00000004
0.50632911,0.07517241,0.00000004
0.50632911,0.07931034,0.00000005
0.50632911,0.08344828,0.00000007
0.50632911,0.08758621,0.00000008
0.50632911,0.09172414,0.00000010
0.50632911,0.09586207,0.00000012
0.50632911,0.10000000,0.00000012
0.55696203,-0.02000000,0.00000000
0.55696203,-0.01586207,0.00000000
0.55696203,-0.01172414,0.00000000
0.55696203,-0.00758621,0.00000000
0.55696203,-0.00344828,0.00000001
0.55696203,0.00068966,0.00000001
0.55696203,0.00482759,0.00000001
0.55696203,0.00896552,0.00000001
0.55696203,0.01310345,0.00000002
0.55696203,0.01724138,0.00000002
0.55696203,0.02137931,0.00000003
0.55696203,0.02551724,0.00000004
0.55696203,0.02965517,0.00000005
0.55696203,0.03379310,0.00000007
0.55696203,0.03793103,0.00000008
0.55696203,0.04206897,0.00000010
0.55696203,0.04620690,0.00000013
0.55696203,0.05034483,0.00000016
0.55696203,0.05448276,0.00000020
0.55696203,0.05862069,0.00000024
0.55696203,0.06275862,0.00000029
0.55696203,0.06689655,0.00000036
0.55696203,0.07103448,0.00000043
0.55696203,0.07517241,0.00000052
0.55696203,0.07931034,0.00000062
0.55696203,0.08344828,0.00000074
0.55696203,0.08758621,0.00000089
0.55696203,0.09172414,0.00000105
0.55696203,0.09586207,0.00000125
0.55696203,0.10000000,0.00000125
0.60759494,-0.02000000,0.00000005
0.60759494,-0.01586207,0.00000005
0.60759494,-0.01172414,0.00000006
0.60759494,-0.00758621,0.00000008
0.60759494,-0.00344828,0.00000010
0.60759494,0.00068966,0.00000013
0.60759494,0.00482759,0.00000017
0.60759494,0.00896552,0.00000022
0.60759494,0.01310345,0.00000027
0.60759494,0.01724138,0.00000034
0.60759494,0.02137931,0.00000042
0.60759494,0.02551724,0.00000053
0.60759494,0.02965517,0.00000065
0.60759494,0.03379310,0.00000079
0.60759494,0.03793103,0.00000097
0.60759494,0.04206897,0.00000117
0.60759494,0.04620690,0.00000142
0.60759494,0.05034483,0.00000171
0.60759494,0.05448276,0.00000205
0.60759494,0.05862069,0.00000244
0.60759494,0.06275862,0.00000291
0.60759494,0.06689655,0.00000345
0.60759494,0.07103448,0.00000407
0.60759494,0.07517241,0.00000479
0.60759494,0.07931034,0.00000563
0.60759494,0.08344828,0.00000658
0.60759494,0.08758621,0.00000768
0.60759494,0.09172414,0.00000894
0.60759494,0.09586207,0.00001037
0.60759494,0.10000000,0.00001037
0.65822785,-0.02000000,0.00000065
0.65822785,-0.01586207,0.00000065
0.65822785,-0.01172414,0.00000082
0.65822785,-0.00758621,0.00000103
0.65822785,-0.00344828,0.00000128
0.65822785,0.00068966,0.00000159
0.65822785,0.00482759,0.00000196
0.65822785,0.00896552,0.00000241
0.65822785,0.01310345,0.00000294
0.65822785,0.01724138,0.00000356
0.65822785,0.02137931,0.00000430
0.65822785,0.02551724,0.00000517
0.65822785,0.02965517,0.00000619
0.65822785,0.03379310,0.00000737
0.65822785,0.03793103,0.00000875
0.65822785,0.04206897,0.00001035
0.65822785,0.04620690,0.00001219
0.65822785,0.05034483,0.00001431
0.65822785,0.05448276,0.00001674
0.65822785,0.05862069,0.00001952
0.65822785,0.06275862,0.00002269
0.65822785,0.06689655,0.00002630
0.65822785,0.07103448,0.00003039
0.65822785,0.07517241,0.00003502
0.65822785,0.07931034,0.00004024
0.65822785,0.08344828,0.00004612
0.65822785,0.08758621,0.00005273
0.65822785,0.09172414,0.00006013
0.65822785,0.09586207,0.00006842
0.65822785,0.10000000,0.00006842
0.70886076,-0.02000000,0.00000677
0.70886076,-0.01586207,0.00000677
0.70886076,-0.01172414,0.00000825
0.70886076,-0.00758621,0.00001001
0.70886076,-0.00344828,0.00001208
0.70886076,0.00068966,0.00001449
0.70886076,0.00482759,0.00001731
0.70886076,0.00896552,0.00002058
0.70886076,0.01310345,0.00002436
0.70886076,0.01724138,0.00002872
0.70886076,0.02137931,0.00003372
0.70886076,0.02551724,0.00003945
0.70886076,0.02965517,0.00004598
0.70886076,0.03379310,0.00005341
0.70886076,0.03793103,0.00006183
0.70886076,0.04206897,0.00007136
0.70886076,0.04620690,0.00008209
0.70886076,0.05034483,0.00009417
0.70886076,0.05448276,0.00010771
0.70886076,0.05862069,0.00012287
0.70886076,0.06275862,0.00013979
0.70886076,0.06689655,0.00015863
0.70886076,0.07103448,0.00017957
0.70886076,0.07517241,0.00020280
0.70886076,0.07931034,0.00022850
0.70886076,0.08344828,0.00025689
0.70886076,0.08758621,0.00028818
0.70886076,0.09172414,0.00032260
0.70886076,0.09586207,0.00036041
0.70886076,0.10000000,0.00036041
0.75949367,-0.02000000,0.00005351
0.75949367,-0.01586207,0.00005351
0.75949367,-0.01172414,0.00006315
0.75949367,-0.00758621,0.00007420
0.75949367,-0.00344828,0.00008680
0.75949367,0.00068966,0.00010113
0.75949367,0.00482759,0.00011737
0.75949367,0.00896552,0.00013573
0.75949367,0.01310345,0.00015640
0.75949367,0.01724138,0.00017961
0.75949367,0.02137931,0.00020561
0.75949367,0.02551724,0.00023464
0.75949367,0.02965517,0.00026699
0.75949367,0.03379310,0.00030293
0.75949367,0.03793103,0.00034277
0.75949367,0.04206897,0.00038683
0.75949367,0.04620690,0.00043545
0.75949367,0.05034483,0.00048899
0.75949367,0.05448276,0.00054781
0.75949367,0.05862069,0.00061231
0.75949367,0.06275862,0.00068290
0.75949367,0.06689655,0.00076001
0.75949367,0.07103448,0.00084409
0.75949367,0.07517241,0.00093559
0.75949367,0.07931034,0.00103500
0.75949367,0.08344828,0.00114282
0.75949367,0.08758621,0.00125957
0.75949367,0.09172414,0.00138580
0.75949367,0.09586207,0.00152204
0.75949367,0.10000000,0.00152204
0.81012658,-0.02000000,0.00032204
0.81012658,-0.01586207,0.00032204
0.81012658,-0.01172414,0.00036909
0.81012658,-0.00758621,0.00042151
0.81012658,-0.00344828,0.00047977
0.81012658,0.00068966,0.00054433
0.81012658,0.00482759,0.00061568
0.81012658,0.00896552,0.00069435
0.81012658,0.01310345,0.00078086
0.81012658,0.01724138,0.00087580
0.81012658,0.02137931,0.00097973
0.81012658,0.02551724,0.00109327
0.81012658,0.02965517,0.00121704
0.81012658,0.03379310,0.00135170
0.81012658,0.03793103,0.00149792
0.81012658,0.04206897,0.00165639
0.81012658,0.04620690,0.00182782
0.81012658,0.05034483,0.00201295
0.81012658,0.05448276,0.00221252
0.81012658,0.05862069,0.00242731
0.81012658,0.06275862,0.00265809
0.81012658,0.06689655,0.00290566
0.81012658,0.07103448,0.00317084
0.81012658,0.07517241,0.00345446
0.81012658,0.07931034,0.00375735
0.81012658,0.08344828,0.00408036
0.81012658,0.08758621,0.00442434
0.81012658,0.09172414,0.00479017
0.81012658,0.09586207,0.00517872
0.81012658,0.10000000,0.00517872
0.86075949,-0.02000000,0.00148473
0.86075949,-0.01586207,0.00148473
0.86075949,-0.01172414,0.00165822
0.86075949,-0.00758621,0.00184691
0.86075949,-0.00344828,0.00205171
0.86075949,0.00068966,0.00227350
0.86075949,0.00482759,0.00251322
0.86075949,0.00896552,0.00277179
0.86075949,0.01310345,0.00305018
0.86075949,0.01724138,0.00334934
0.86075949,0.02137931,0.00367027
0.86075949,0.02551724,0.00401394
0.86075949,0.02965517,0.00438136
0.86075949,0.03379310,0.00477353
0.86075949,0.03793103,0.00519145
0.86075949,0.04206897,0.00563614
0.86075949,0.04620690,0.00610860
0.86075949,0.05034483,0.00660984
0.86075949,0.05448276,0.00714086
0.86075949,0.05862069,0.00770265
0.86075949,0.06275862,0.00829620
0.86075949,0.06689655,0.00892247
0.86075949,0.07103448,0.00958243
0.86075949,0.07517241,0.01027701
0.86075949,0.07931034,0.01100714
0.86075949,0.08344828,0.01177371
0.86075949,0.08758621,0.01257758
0.86075949,0.09172414,0.01341962
0.86075949,0.09586207,0.01430063
0.86075949,0.10000000,0.01430063
0.91139241,-0.02000000,0.00528942
0.91139241,-0.01586207,0.00528942
0.91139241,-0.01172414,0.00577655
0.91139241,-0.00758621,0.00629539
0.91139241,-0.00344828,0.00684704
0.91139241,0.00068966,0.00743263
0.91139241,0.00482759,0.00805326
0.91139241,0.00896552,0.00871002
0.91139241,0.01310345,0.00940398
0.91139241,0.01724138,0.01013616
0.91139241,0.02137931,0.01090759
0.91139241,0.02551724,0.01171926
0.91139241,0.02965517,0.01257211
0.91139241,0.03379310,0.01346706
0.91139241,0.03793103,0.01440500
0.91139241,0.04206897,0.01538676
0.91139241,0.04620690,0.01641315
0.91139241,0.05034483,0.01748490
0.91139241,0.05448276,0.01860273
0.91139241,0.05862069,0.01976729
0.91139241,0.06275862,0.02097918
0.91139241,0.06689655,0.02223894
0.91139241,0.07103448,0.02354707
0.91139241,0.07517241,0.02490398
0.91139241,0.07931034,0.02631006
0.91139241,0.08344828,0.02776562
0.91139241,0.08758621,0.02927089
0.91139241,0.09172414,0.03082606
0.91139241,0.09586207,0.03243125
0.91139241,0.10000000,0.03243125
0.96202532,-0.02000000,0.01476753
0.96202532,-0.01586207,0.01476753
0.96202532,-0.01172414,0.01582539
0.96202532,-0.00758621,0.01693220
0.96202532,-0.00344828,0.01808872
0.96202532,0.00068966,0.01929564
0.96202532,0.00482759,0.02055360
0.96202532,0.00896552,0.02186315
0.96202532,0.01310345,0.02322482
0.96202532,0.01724138,0.02463902
0.96202532,0.02137931,0.02610614
0.96202532,0.02551724,0.02762648
0.96202532,0.02965517,0.02920025
0.96202532,0.03379310,0.03082762
0.96202532,0.03793103,0.03250867
0.96202532,0.04206897,0.03424340
0.96202532,0.04620690,0.03603175
0.96202532,0.05034483,0.03787358
0.96202532,0.05448276,0.03976867
0.96202532,0.05862069,0.04171673
0.96202532,0.06275862,0.04371740
0.96202532,0.06689655,0.04577025
0.96202532,0.07103448,0.04787476
0.96202532,0.07517241,0.05003035
0.96202532,0.07931034,0.05223638
0.96202532,0.08344828,0.05449212
0.96202532,0.08758621,0.05679680
0.96202532,0.09172414,0.05914955
0.96202532,0.09586207,0.06154947
0.96202532,0.10000000,0.06154947
1.01265823,-0.02000000,0.03306731
1.01265823,-0.01586207,0.03306731
1.01265823,-0.01172414,0.03489461
1.01265823,-0.00758621,0.03677883
1.01265823,-0.00344828,0.03871973
1.01265823,0.00068966,0.04071702
1.01265823,0.00482759,0.04277030
1.01265823,0.00896552,0.04487912
1.01265823,0.01310345,0.04704294
1.01265823,0.01724138,0.04926115
1.01265823,0.02137931,0.05153304
1.01265823,0.02551724,0.05385786
1.01265823,0.02965517,0.05623477
1.01265823,0.03379310,0.05866288
1.01265823,0.03793103,0.06114120
1.01265823,0.04206897,0.06366871
1.01265823,0.04620690,0.06624432
1.01265823,0.05034483,0.06886686
1.01265823,0.05448276,0.07153514
1.01265823,0.05862069,0.07424789
1.01265823,0.06275862,0.07700380
1.01265823,0.06689655,0.07980153
1.01265823,0.07103448,0.08263968
1.01265823,0.07517241,0.08551682
1.01265823,0.07931034,0.08843149
1.01265823,0.08344828,0.09138218
1.01265823,0.08758621,0.09436737
1.01265823,0.09172414,0.09738552
1.01265823,0.09586207,0.10043508
1.01265823,0.10000000,0.10043508
1.06329114,-0.02000000,0.06141586
1.06329114,-0.01586207,0.06141586
1.06329114,-0.01172414,0.06403316
1.06329114,-0.00758621,0.06670114
1.06329114,-0.00344828,0.06941860
1.06329114,0.00068966,0.07218426
1.06329114,0.00482759,0.07499679
1.06329114,0.00896552,0.07785483
1.06329114,0.01310345,0.08075694
1.06329114,0.01724138,0.08370168
1.06329114,0.02137931,0.08668754
1.06329114,0.02551724,0.08971299
1.06329114,0.02965517,0.09277648
1.06329114,0.03379310,0.09587642
1.06329114,0.03793103,0.09901120
1.06329114,0.04206897,0.10217920
1.06329114,0.04620690,0.10537878
1.06329114,0.05034483,0.10860829
1.06329114,0.05448276,0.11186610
1.06329114,0.05862069,0.11515053
1.06329114,0.06275862,0.11845996
1.06329114,0.06689655,0.12179272
1.06329114,0.07103448,0.12514719
1.06329114,0.07517241,0.12852174
1.06329114,0.07931034,0.13191478
1.06329114,0.08344828,0.13532473
1.06329114,0.08758621,0.13875001
1.06329114,0.09172414,0.14218909
1.06329114,0.09586207,0.14564048
1.06329114,0.10000000,0.14564048
1.11392405,-0.02000000,0.09847644
1.11392405,-0.01586207,0.09847644
1.11392405,-0.01172414,0.10173804
1.11392405,-0.00758621,0.10503428
1.11392405,-0.00344828,0.10836347
1.11392405,0.00068966,0.11172389
1.11392405,0.00482759,0.11511387
1.11392405,0.00896552,0.11853169
1.11392405,0.01310345,0.12197567
1.11392405,0.01724138,0.12544413
1.11392405,0.02137931,0.12893538
1.11392405,0.02551724,0.13244778
1.11392405,0.02965517,0.13597968
1.11392405,0.03379310,0.13952948
1.11392405,0.03793103,0.14309558
1.11392405,0.04206897,0.14667643
1.11392405,0.04620690,0.15027049
1.11392405,0.05034483,0.15387626
1.11392405,0.05448276,0.15749229
1.11392405,0.05862069,0.16111715
1.11392405,0.06275862,0.16474946
1.11392405,0.06689655,0.16838787
1.11392405,0.07103448,0.17203109
1.11392405,0.07517241,0.17567786
1.11392405,0.07931034,0.17932697
1.11392405,0.08344828,0.18297725
1.11392405,0.08758621,0.18662759
1.11392405,0.09172414,0.19027693
1.11392405,0.09586207,0.19392423
1.11392405,0.10000000,0.19392423
1.16455696,-0.02000000,0.14161842
1.16455696,-0.01586207,0.14161842
1.16455696,-0.01172414,0.14531662
1.16455696,-0.00758621,0.14903153
1.16455696,-0.00344828,0.15276157
1.16455696,0.00068966,0.15650520
1.16455696,0.00482759,0.16026089
1.16455696,0.00896552,0.16402717
1.16455696,0.01310345,0.16780262
1.16455696,0.01724138,0.17158583
1.16455696,0.02137931,0.17537546
1.16455696,0.02551724,0.17917019
1.16455696,0.02965517,0.18296877
1.16455696,0.03379310,0.18676997
1.16455696,0.03793103,0.19057262
1.16455696,0.04206897,0.19437562
1.16455696,0.04620690,0.19817787
1.16455696,0.05034483,0.20197835
1.16455696,0.05448276,0.20577609
1.16455696,0.05862069,0.20957015
1.16455696,0.06275862,0.21335965
1.16455696,0.06689655,0.21714376
1.16455696,0.07103448,0.22092168
1.16455696,0.07517241,0.22469268
1.16455696,0.07931034,0.22845606
1.16455696,0.08344828,0.23221117
1.16455696,0.08758621,0.23595739
1.16455696,0.09172414,0.23969415
1.16455696,0.09586207,0.24342095
1.16455696,0.10000000,0.24342095
1.21518987,-0.02000000,0.18834993
1.21518987,-0.01586207,0.18834993
1.21518987,-0.01172414,0.19230348
1.21518987,-0.00758621,0.19625935
1.21518987,-0.00344828,0.20021638
1.21518987,0.00068966,0.20417345
1.21518987,0.00482759,0.20812950
1.21518987,0.00896552,0.21208351
1.21518987,0.01310345,0.21603452
1.21518987,0.01724138,0.21998159
1.21518987,0.02137931,0.22392387
1.21518987,0.02551724,0.22786051
1.21518987,0.02965517,0.23179074
1.21518987,0.03379310,0.23571383
1.21518987,0.03793103,0.23962908
1.21518987,0.04206897,0.24353584
1.21518987,0.04620690,0.24743351
1.21518987,0.05034483,0.25132151
1.21518987,0.05448276,0.25519934
1.21518987,0.05862069,0.25906649
1.21518987,0.06275862,0.26292253
1.21518987,0.06689655,0.26676703
1.21518987,0.07103448,0.27059962
1.21518987,0.07517241,0.27441995
1.21518987,0.07931034,0.27822770
1.21518987,0.08344828,0.28202260
1.21518987,0.08758621,0.28580438
1.21518987,0.09172414,0.28957282
1.21518987,0.09586207,0.29332771
1.21518987,0.10000000,0.29332771
1.26582278,-0.02000000,0.23694117
1.26582278,-0.01586207,0.23694117
1.26582278,-0.01172414,0.24102757
1.26582278,-0.00758621,0.24510686
1.26582278,-0.00344828,0.24917834
1.26582278,0.00068966,0.25324133
1.26582278,0.00482759,0.25729523
1.26582278,0.00896552,0.26133943
1.26582278,0.01310345,0.26537340
1.26582278,0.01724138,0.26939662
1.26582278,0.02137931,0.27340865
1.26582278,0.02551724,0.27740903
1.26582278,0.02965517,0.28139737
1.26582278,0.03379310,0.28537331
1.26582278,0.03793103,0.28933651
1.26582278,0.04206897,0.29328666
1.26582278,0.04620690,0.29722349
1.26582278,0.05034483,0.30114676
1.26582278,0.05448276,0.30505623
1.26582278,0.05862069,0.30895170
1.26582278,0.06275862,0.31283300
1.26582278,0.06689655,0.31669998
1.26582278,0.07103448,0.32055250
1.26582278,0.07517241,0.32439043
1.26582278,0.07931034,0.32821369
1.26582278,0.08344828,0.33202218
1.26582278,0.08758621,0.33581584
1.26582278,0.09172414,0.33959461
1.26582278,0.09586207,0.34335845
1.26582278,0.10000000,0.34335845
1.31645570,-0.02000000,0.28640206
1.31645570,-0.01586207,0.28640206
1.31645570,-0.01172414,0.29055138
1.31645570,-0.00758621,0.29468825
1.31645570,-0.00344828,0.29881232
1.31645570,0.00068966,0.30292324
1.31645570,0.00482759,0.30702072
1.31645570,0.00896552,0.31110447
1.31645570,0.01310345,0.31517424
1.31645570,0.01724138,0.31922980
1.31645570,0.02137931,0.32327095
1.31645570,0.02551724,0.32729751
1.31645570,0.02965517,0.33130932
1.31645570,0.03379310,0.33530624
1.31645570,0.03793103,0.33928814
1.31645570,0.04206897,0.34325493
1.31645570,0.04620690,0.34720650
1.31645570,0.05034483,0.35114279
1.31645570,0.05448276,0.35506374
1.31645570,0.05862069,0.35896929
1.31645570,0.06275862,0.36285942
1.31645570,0.06689655,0.36673409
1.31645570,0.07103448,0.37059329
1.31645570,0.07517241,0.37443701
1.31645570,0.07931034,0.37826525
1.31645570,0.08344828,0.38207803
1.31645570,0.08758621,0.38587535
1.31645570,0.09172414,0.38965723
1.31645570,0.09586207,0.39342371
1.31645570,0.10000000,0.39342371
1.36708861,-0.02000000,0.33623775
1.36708861,-0.01586207,0.33623775
1.36708861,-0.01172414,0.34041468
1.36708861,-0.00758621,0.34457646
1.36708861,-0.00344828,0.34872295
1.36708861,0.00068966,0.35285400
1.36708861,0.00482759,0.35696950
1.36708861,0.00896552,0.36106936
1.36708861,0.01310345,0.36515349
1.36708861,0.01724138,0.36922182
1.36708861,0.02137931,0.37327429
1.36708861,0.02551724,0.37731086
1.36708861,0.02965517,0.38133150
1.36708861,0.03379310,0.38533618
1.36708861,0.03793103,0.38932489
1.36708861,0.04206897,0.39329762
1.36708861,0.04620690,0.39725438
1.36708861,0.05034483,0.40119517
1.36708861,0.05448276,0.40512000
1.36708861,0.05862069,0.40902891
1.36708861,0.06275862,0.41292192
1.36708861,0.06689655,0.41679906
1.36708861,0.07103448,0.42066036
1.36708861,0.07517241,0.42450586
1.36708861,0.07931034,0.42833561
1.36708861,0.08344828,0.43214966
1.36708861,0.08758621,0.43594804
1.36708861,0.09172414,0.43973080
1.36708861,0.09586207,0.44349801
1.36708861,0.10000000,0.44349801
1.41772152,-0.02000000,0.38622467
1.41772152,-0.01586207,0.38622467
1.41772152,-0.01172414,0.39041300
1.41772152,-0.00758621,0.39458491
1.41772152,-0.00344828,0.39874039
1.41772152,0.00068966,0.40287939
1.41772152,0.00482759,0.40700192
1.41772152,0.00896552,0.41110796
1.41772152,0.01310345,0.41519752
1.41772152,0.01724138,0.41927060
1.41772152,0.02137931,0.42332722
1.41772152,0.02551724,0.42736741
1.41772152,0.02965517,0.43139118
1.41772152,0.03379310,0.43539858
1.41772152,0.03793103,0.43938963
1.41772152,0.04206897,0.44336437
1.41772152,0.04620690,0.44732285
1.41772152,0.05034483,0.45126511
1.41772152,0.05448276,0.45519120
1.41772152,0.05862069,0.45910117
1.41772152,0.06275862,0.46299507
1.41772152,0.06689655,0.46687295
1.41772152,0.07103448,0.47073488
1.41772152,0.07517241,0.47458091
1.41772152,0.07931034,0.47841109
1.41772152,0.08344828,0.48222549
1.41772152,0.08758621,0.48602417
1.41772152,0.09172414,0.48980717
1.41772152,0.09586207,0.49357458
1.41772152,0.10000000,0.49357458
1.46835443,-0.02000000,0.43626945
1.46835443,-0.01586207,0.43626945
1.46835443,-0.01172414,0.44046224
1.46835443,-0.00758621,0.44463808
1.46835443,-0.00344828,0.44879698
1.46835443,0.00068966,0.45293898
1.46835443,0.00482759,0.45706411
1.46835443,0.00896552,0.46117241
1.46835443,0.01310345,0.46526392
1.46835443,0.01724138,0.46933869
1.46835443,0.02137931,0.47339676
1.46835443,0.02551724,0.47743819
1.46835443,0.02965517,0.48146303
1.46835443,0.03379310,0.48547133
1.46835443,0.03793103,0.48946315
1.46835443,0.04206897,0.49343854
1.46835443,0.04620690,0.49739757
1.46835443,0.05034483,0.50134029
1.46835443,0.05448276,0.50526677
1.46835443,0.05862069,0.50917705
1.46835443,0.06275862,0.51307122
1.46835443,0.06689655,0.51694933
1.46835443,0.07103448,0.52081144
1.46835443,0.07517241,0.52465761
1.46835443,0.07931034,0.52848792
1.46835443,0.08344828,0.53230241
1.46835443,0.08758621,0.53610116
1.46835443,0.09172414,0.53988423
1.46835443,0.09586207,0.54365169
1.46835443,0.10000000,0.54365169
1.51898734,-0.02000000,0.48633541
1.51898734,-0.01586207,0.48633541
1.51898734,-0.01172414,0.49052988
1.51898734,-0.00758621,0.49470717
1.51898734,-0.00344828,0.49886732
1.51898734,0.00068966,0.50301040
1.51898734,0.00482759,0.50713646
1.51898734,0.00896552,0.51124555
1.51898734,0.01310345,0.51533774
1.51898734,0.01724138,0.51941309
1.51898734,0.02137931,0.52347165
1.51898734,0.02551724,0.52751349
1.51898734,0.02965517,0.53153868
1.51898734,0.03379310,0.53554727
1.51898734,0.03793103,0.53953933
1.51898734,0.04206897,0.54351493
1.51898734,0.04620690,0.54747412
1.51898734,0.05034483,0.55141698
1.51898734,0.05448276,0.55534357
1.51898734,0.05862069,0.55925396
1.51898734,0.06275862,0.56314820
1.51898734,0.06689655,0.56702637
1.51898734,0.07103448,0.57088853
1.51898734,0.07517241,0.57473474
1.51898734,0.07931034,0.57856508
1.51898734,0.08344828,0.58237960
1.51898734,0.08758621,0.58617837
1.51898734,0.09172414,0.58996146
1.51898734,0.09586207,0.59372892
1.51898734,0.10000000,0.59372892
1.56962025,-0.02000000,0.53640885
1.56962025,-0.01586207,0.53640885
1.56962025,-0.01172414,0.54060393
1.56962025,-0.00758621,0.54478174
1.56962025,-0.00344828,0.54894234
1.56962025,0.00068966,0.55308579
1.56962025,0.00482759,0.55721217
1.56962025,0.00896552,0.56132153
1.56962025,0.01310345,0.56541395
1.56962025,0.01724138,0.56948948
1.56962025,0.02137931,0.57354821
1.56962025,0.02551724,0.57759018
1.56962025,0.02965517,0.58161548
1.56962025,0.03379310,0.58562416
1.56962025,0.03793103,0.58961630
1.56962025,0.04206897,0.59359195
1.56962025,0.04620690,0.59755120
1.56962025,0.05034483,0.60149410
1.56962025,0.05448276,0.60542072
1.56962025,0.05862069,0.60933113
1.56962025,0.06275862,0.61322540
1.56962025,0.06689655,0.61710358
1.56962025,0.07103448,0.62096576
1.56962025,0.07517241,0.62481198
1.56962025,0.07931034,0.62864232
1.56962025,0.08344828,0.63245685
1.56962025,0.08758621,0.63625563
1.56962025,0.09172414,0.64003872
1.56962025,0.09586207,0.64380619
1.56962025,0.10000000,0.64380619
1.62025316,-0.02000000,0.58648485
1.62025316,-0.01586207,0.58648485
1.62025316,-0.01172414,0.59068015
1.62025316,-0.00758621,0.59485814
1.62025316,-0.00344828,0.59901889
1.62025316,0.00068966,0.60316247
1.62025316,0.00482759,0.60728895
1.62025316,0.00896552,0.61139841
1.62025316,0.01310345,0.61549090
1.62025316,0.01724138,0.61956649
1.62025316,0.02137931,0.62362527
1.62025316,0.02551724,0.62766728
1.62025316,0.02965517,0.63169261
1.62025316,0.03379310,0.63570132
1.62025316,0.03793103,0.63969348
1.62025316,0.04206897,0.64366916
1.62025316,0.04620690,0.64762842
1.62025316,0.05034483,0.65157133
1.62025316,0.05448276,0.65549796
1.62025316,0.05862069,0.65940838
1.62025316,0.06275862,0.66330265
1.62025316,0.06689655,0.66718084
1.62025316,0.07103448,0.67104302
1.62025316,0.07517241,0.67488925
1.62025316,0.07931034,0.67871959
1.62025316,0.08344828,0.68253412
1.62025316,0.08758621,0.68633290
1.62025316,0.09172414,0.69011599
1.62025316,0.09586207,0.69388346
1.62025316,0.10000000,0.69388346
1.67088608,-0.02000000,0.63656172
1.67088608,-0.01586207,0.63656172
1.67088608,-0.01172414,0.64075708
1.67088608,-0.00758621,0.64493513
1.67088608,-0.00344828,0.64909594
1.67088608,0.00068966,0.65323956
1.67088608,0.00482759,0.65736608
1.67088608,0.00896552,0.66147556
1.67088608,0.01310345,0.66556807
1.67088608,0.01724138,0.66964369
1.67088608,0.02137931,0.67370248
1.67088608,0.02551724,0.67774451
1.67088608,0.02965517,0.68176985
1.67088608,0.03379310,0.68577857
1.67088608,0.03793103,0.68977073
1.67088608,0.04206897,0.69374642
1.67088608,0.04620690,0.69770568
1.67088608,0.05034483,0.70164860
1.67088608,0.05448276,0.70557523
1.67088608,0.05862069,0.70948565
1.67088608,0.06275862,0.71337992
1.67088608,0.06689655,0.71725811
1.67088608,0.07103448,0.72112029
1.67088608,0.07517241,0.72496652
1.67088608,0.07931034,0.72879687
1.67088608,0.08344828,0.73261140
1.67088608,0.08758621,0.73641017
1.67088608,0.09172414,0.74019326
1.67088608,0.09586207,0.74396073
1.67088608,0.10000000,0.74396073
1.72151899,-0.02000000,0.68663886
1.72151899,-0.01586207,0.68663886
1.72151899,-0.01172414,0.69083425
1.72151899,-0.00758621,0.69501232
1.72151899,-0.00344828,0.69917314
1.72151899,0.00068966,0.70331678
1.72151899,0.00482759,0.70744331
1.72151899,0.00896552,0.71155280
1.72151899,0.01310345,0.71564532
1.72151899,0.01724138,0.71972094
1.72151899,0.02137931,0.72377974
1.72151899,0.02551724,0.72782177
1.72151899,0.02965517,0.73184711
1.72151899,0.03379310,0.73585583
1.72151899,0.03793103,0.73984800
1.72151899,0.04206897,0.74382369
1.72151899,0.04620690,0.74778295
1.72151899,0.05034483,0.75172587
1.72151899,0.05448276,0.75565250
1.72151899,0.05862069,0.75956292
1.72151899,0.06275862,0.76345720
1.72151899,0.06689655,0.76733539
1.72151899,0.07103448,0.77119756
1.72151899,0.07517241,0.77504379
1.72151899,0.07931034,0.77887414
1.72151899,0.08344828,0.78268867
1.72151899,0.08758621,0.78648745
1.72151899,0.09172414,0.79027054
1.72151899,0.09586207,0.79403801
1.72151899,0.10000000,0.79403801
1.77215190,-0.02000000,0.73671609
1.77215190,-0.01586207,0.73671609
1.77215190,-0.01172414,0.74091149
1.77215190,-0.00758621,0.74508957
1.77215190,-0.00344828,0.74925039
1.77215190,0.00068966,0.75339404
1.77215190,0.00482759,0.75752057
1.77215190,0.00896552,0.76163006
1.77215190,0.01310345,0.76572259
1.77215190,0.01724138,0.76979821
1.77215190,0.02137931,0.77385701
1.77215190,0.02551724,0.77789904
1.77215190,0.02965517,0.78192439
1.77215190,0.03379310,0.78593311
1.77215190,0.03793103,0.78992528
1.77215190,0.04206897,0.79390096
1.77215190,0.04620690,0.79786022
1.77215190,0.05034483,0.80180314
1.77215190,0.05448276,0.80572978
1.77215190,0.05862069,0.80964020
1.77215190,0.06275862,0.81353447
1.77215190,0.06689655,0.81741266
1.77215190,0.07103448,0.82127484
1.77215190,0.07517241,0.82512107
1.77215190,0.07931034,0.82895141
1.77215190,0.08344828,0.83276594
1.77215190,0.08758621,0.83656472
1.77215190,0.09172414,0.84034781
1.77215190,0.09586207,0.84411528
1.77215190,0.10000000,0.84411528
1.82278481,-0.02000000,0.78679335
1.82278481,-0.01586207,0.78679335
1.82278481,-0.01172414,0.79098876
1.82278481,-0.00758621,0.79516683
1.82278481,-0.00344828,0.79932766
1.82278481,0.00068966,0.80347131
1.82278481,0.00482759,0.80759784
1.82278481,0.00896552,0.81170733
1.82278481,0.01310345,0.81579986
1.82278481,0.01724138,0.81987548
1.82278481,0.02137931,0.82393428
1.82278481,0.02551724,0.82797632
1.82278481,0.02965517,0.83200166
1.82278481,0.03379310,0.83601038
1.82278481,0.03793103,0.84000255
1.82278481,0.04206897,0.84397823
1.82278481,0.04620690,0.84793750
1.82278481,0.05034483,0.85188042
1.82278481,0.05448276,0.85580705
1.82278481,0.05862069,0.85971747
1.82278481,0.06275862,0.86361174
1.82278481,0.06689655,0.86748994
1.82278481,0.07103448,0.87135211
1.82278481,0.07517241,0.87519834
1.82278481,0.07931034,0.87902869
1.82278481,0.08344828,0.88284322
1.82278481,0.08758621,0.88664200
1.82278481,0.09172414,0.89042509
1.82278481,0.09586207,0.89419256
1.82278481,0.10000000,0.89419256
1.87341772,-0.02000000,0.83687062
1.87341772,-0.01586207,0.83687062
1.87341772,-0.01172414,0.84106603
1.87341772,-0.00758621,0.84524411
1.87341772,-0.00344828,0.84940493
1.87341772,0.00068966,0.85354858
1.87341772,0.00482759,0.85767511
1.87341772,0.00896552,0.86178461
1.87341772,0.01310345,0.86587713
1.87341772,0.01724138,0.86995276
1.87341772,0.02137931,0.87401155
1.87341772,0.02551724,0.87805359
1.87341772,0.02965517,0.88207893
1.87341772,0.03379310,0.88608766
1.87341772,0.03793103,0.89007982
1.87341772,0.04206897,0.89405551
1.87341772,0.04620690,0.89801477
1.87341772,0.05034483,0.90195769
1.87341772,0.05448276,0.90588433
1.87341772,0.05862069,0.90979475
1.87341772,0.06275862,0.91368902
1.87341772,0.06689655,0.91756721
1.87341772,0.07103448,0.92142939
1.87341772,0.07517241,0.92527562
1.87341772,0.07931034,0.92910596
1.87341772,0.08344828,0.93292049
1.87341772,0.08758621,0.93671927
1.87341772,0.09172414,0.94050236
1.87341772,0.09586207,0.94426983
1.87341772,0.10000000,0.94426983
1.92405063,-0.02000000,0.88694790
1.92405063,-0.01586207,0.88694790
1.92405063,-0.01172414,0.89114330
1.92405063,-0.00758621,0.89532138
1.92405063,-0.00344828,0.89948221
1.92405063,0.00068966,0.90362585
1.92405063,0.00482759,0.90775239
1.92405063,0.00896552,0.91186188
1.92405063,0.01310345,0.91595441
1.92405063,0.01724138,0.92003003
1.92405063,0.02137931,0.92408883
1.92405063,0.02551724,0.92813086
1.92405063,0.02965517,0.93215621
1.92405063,0.03379310,0.93616493
1.92405063,0.03793103,0.94015710
1.92405063,0.04206897,0.94413278
1.92405063,0.04620690,0.94809205
1.92405063,0.05034483,0.95203497
1.92405063,0.05448276,0.95596160
1.92405063,0.05862069,0.95987202
1.92405063,0.06275862,0.96376629
1.92405063,0.06689655,0.96764449
1.92405063,0.07103448,0.97150666
1.92405063,0.07517241,0.97535289
1.92405063,0.07931034,0.97918324
1.92405063,0.08344828,0.98299777
1.92405063,0.08758621,0.98679655
1.92405063,0.09172414,0.99057964
1.92405063,0.09586207,0.99434711
1.92405063,0.10000000,0.99434711
1.97468354,-0.02000000,0.93702517
1.97468354,-0.01586207,0.93702517
1.97468354,-0.01172414,0.94122058
1.97468354,-0.00758621,0.94539866
1.97468354,-0.00344828,0.94955948
1.97468354,0.00068966,0.95370313
1.97468354,0.00482759,0.95782966
1.97468354,0.00896552,0.96193916
1.97468354,0.01310345,0.96603168
1.97468354,0.01724138,0.97010731
1.97468354,0.02137931,0.97416610
1.97468354,0.02551724,0.97820814
1.97468354,0.02965517,0.98223348
1.97468354,0.03379310,0.98624220
1.97468354,0.03793103,0.99023437
1.97468354,0.04206897,0.99421006
1.97468354,0.04620690,0.99816932
1.97468354,0.05034483,1.00211224
1.97468354,0.05448276,1.00603887
1.97468354,0.05862069,1.00994930
1.97468354,0.06275862,1.01384357
1.97468354,0.06689655,1.01772176
1.97468354,0.07103448,1.02158394
1.97468354,0.07517241,1.02543017
1.97468354,0.07931034,1.02926051
1.97468354,0.08344828,1.03307504
1.97468354,0.08758621,1.03687382
1.97468354,0.09172414,1.04065691
1.97468354,0.09586207,1.04442438
1.97468354,0.10000000,1.04442438
2.02531646,-0.02000000,0.98710245
2.02531646,-0.01586207,0.98710245
2.02531646,-0.01172414,0.99129785
2.02531646,-0.00758621,0.99547593
2.02531646,-0.00344828,0.99963676
2.02531646,0.00068966,1.00378040
2.02531646,0.00482759,1.00790694
2.02531646,0.00896552,1.01201643
2.02531646,0.01310345,1.01610896
2.02531646,0.01724138,1.02018458
2.02531646,0.02137931,1.02424338
2.02531646,0.02551724,1.02828541
2.02531646,0.02965517,1.03231076
2.02531646,0.03379310,1.03631948
2.02531646,0.03793103,1.04031165
2.02531646,0.04206897,1.04428733
2.02531646,0.04620690,1.04824660
2.02531646,0.05034483,1.05218951
2.02531646,0.05448276,1.05611615
2.02531646,0.05862069,1.06002657
2.02531646,0.06275862,1.06392084
2.02531646,0.06689655,1.06779903
2.02531646,0.07103448,1.07166121
2.02531646,0.07517241,1.07550744
2.02531646,0.07931034,1.07933779
2.02531646,0.08344828,1.08315232
2.02531646,0.08758621,1.08695110
2.02531646,0.09172414,1.09073419
2.02531646,0.09586207,1.09450166
2.02531646,0.10000000,1.09450166
2.07594937,-0.02000000,1.03717972
2.07594937,-0.01586207,1.03717972
2.07594937,-0.01172414,1.04137512
2.07594937,-0.00758621,1.04555320
2.07594937,-0.00344828,1.04971403
2.07594937,0.00068966,1.05385768
2.07594937,0.00482759,1.05798421
2.07594937,0.00896552,1.06209371
2.07594937,0.01310345,1.06618623
2.07594937,0.01724138,1.07026186
2.07594937,0.02137931,1.07432065
2.07594937,0.02551724,1.07836269
2.07594937,0.02965517,1.08238803
2.07594937,0.03379310,1.08639675
2.07594937,0.03793103,1.09038892
2.07594937,0.04206897,1.09436461
2.07594937,0.04620690,1.09832387
2.07594937,0.05034483,1.10226679
2.07594937,0.05448276,1.10619342
2.07594937,0.05862069,1.11010384
2.07594937,0.06275862,1.11399812
2.07594937,0.06689655,1.11787631
2.07594937,0.07103448,1.12173849
2.07594937,0.07517241,1.12558472
2.07594937,0.07931034,1.12941506
2.07594937,0.08344828,1.13322959
2.07594937,0.08758621,1.13702837
2.07594937,0.09172414,1.14081146
2.07594937,0.09586207,1.14457893
2.07594937,0.10000000,1.14457893
2.12658228,-0.02000000,1.08725699
2.12658228,-0.01586207,1.08725699
2.12658228,-0.01172414,1.09145240
2.12658228,-0.00758621,1.09563048
2.12658228,-0.00344828,1.09979131
2.12658228,0.00068966,1.10393495
2.12658228,0.00482759,1.10806149
2.12658228,0.00896552,1.11217098
2.12658228,0.01310345,1.11626351
2.12658228,0.01724138,1.12033913
2.12658228,0.02137931,1.12439793
2.12658228,0.02551724,1.12843996
2.12658228,0.02965517,1.13246531
2.12658228,0.03379310,1.13647403
2.12658228,0.03793103,1.14046620
2.12658228,0.04206897,1.14444188
2.12658228,0.04620690,1.14840115
2.12658228,0.05034483,1.15234406
2.12658228,0.05448276,1.15627070
2.12658228,0.05862069,1.16018112
2.12658228,0.06275862,1.16407539
2.12658228,0.06689655,1.16795358
2.12658228,0.07103448,1.17181576
2.12658228,0.07517241,1.17566199
2.12658228,0.07931034,1.17949234
2.12658228,0.08344828,1.18330687
2.12658228,0.08758621,1.18710564
2.12658228,0.09172414,1.19088874
2.12658228,0.09586207,1.19465621
2.12658228,0.10000000,1.19465621
2.17721519,-0.02000000,1.13733427
2.17721519,-0.01586207,1.13733427
2.17721519,-0.01172414,1.14152967
2.17721519,-0.00758621,1.14570775
2.17721519,-0.00344828,1.14986858
2.17721519,0.00068966,1.15401223
2.17721519,0.00482759,1.15813876
2.17721519,0.00896552,1.16224826
2.17721519,0.01310345,1.16634078
2.17721519,0.01724138,1.17041641
2.17721519,0.02137931,1.17447520
2.17721519,0.02551724,1.17851724
2.17721519,0.02965517,1.18254258
2.17721519,0.03379310,1.18655130
2.17721519,0.03793103,1.19054347
2.17721519,0.04206897,1.19451916
2.17721519,0.04620690,1.19847842
2.17721519,0.05034483,1.20242134
2.17721519,0.05448276,1.20634797
2.17721519,0.05862069,1.21025839
2.17721519,0.06275862,1.21415267
2.17721519,0.06689655,1.21803086
2.17721519,0.07103448,1.22189304
2.17721519,0.07517241,1.22573927
2.17721519,0.07931034,1.22956961
2.17721519,0.08344828,1.23338414
2.17721519,0.08758621,1.23718292
2.17721519,0.09172414,1.24096601
2.17721519,0.09586207,1.24473348
2.17721519,0.10000000,1.24473348
2.22784810,-0.02000000,1.18741154
2.22784810,-0.01586207,1.18741154
2.22784810,-0.01172414,1.19160695
2.22784810,-0.00758621,1.19578503
2.22784810,-0.00344828,1.19994586
2.22784810,0.00068966,1.20408950
2.22784810,0.00482759,1.20821604
2.22784810,0.00896552,1.21232553
2.22784810,0.01310345,1.21641806
2.22784810,0.01724138,1.22049368
2.22784810,0.02137931,1.22455248
2.22784810,0.02551724,1.22859451
2.22784810,0.02965517,1.23261986
2.22784810,0.03379310,1.23662858
2.22784810,0.03793103,1.24062075
2.22784810,0.04206897,1.24459643
2.22784810,0.04620690,1.24855570
2.22784810,0.05034483,1.25249861
2.22784810,0.05448276,1.25642525
2.22784810,0.05862069,1.26033567
2.22784810,0.06275862,1.26422994
2.22784810,0.06689655,1.26810813
2.22784810,0.07103448,1.27197031
2.22784810,0.07517241,1.27581654
2.22784810,0.07931034,1.27964689
2.22784810,0.08344828,1.28346142
2.22784810,0.08758621,1.28726019
2.22784810,0.09172414,1.29104329
2.22784810,0.09586207,1.29481076
2.22784810,0.10000000,1.29481076
2.27848101,-0.02000000,1.23748882
2.27848101,-0.01586207,1.23748882
2.27848101,-0.01172414,1.24168422
2.27848101,-0.00758621,1.24586230
2.27848101,-0.00344828,1.25002313
2.27848101,0.00068966,1.25416678
2.27848101,0.00482759,1.25829331
2.27848101,0.00896552,1.26240280
2.27848101,0.01310345,1.26649533
2.27848101,0.01724138,1.27057096
2.27848101,0.02137931,1.27462975
2.27848101,0.02551724,1.27867179
2.27848101,0.02965517,1.28269713
2.27848101,0.03379310,1.28670585
2.27848101,0.03793103,1.29069802
2.27848101,0.04206897,1.29467370
2.27848101,0.04620690,1.29863297
2.27848101,0.05034483,1.30257589
2.27848101,0.05448276,1.30650252
2.27848101,0.05862069,1.31041294
2.27848101,0.06275862,1.31430722
2.27848101,0.06689655,1.31818541
2.27848101,0.07103448,1.32204759
2.27848101,0.07517241,1.32589381
2.27848101,0.07931034,1.32972416
2.27848101,0.08344828,1.33353869
2.27848101,0.08758621,1.33733747
2.27848101,0.09172414,1.34112056
2.27848101,0.09586207,1.34488803
2.27848101,0.10000000,1.34488803
2.32911392,-0.02000000,1.28756609
2.32911392,-0.01586207,1.28756609
2.32911392,-0.01172414,1.29176150
2.32911392,-0.00758621,1.29593958
2.32911392,-0.00344828,1.30010040
2.32911392,0.00068966,1.30424405
2.32911392,0.00482759,1.30837058
2.32911392,0.00896552,1.31248008
2.32911392,0.01310345,1.31657260
2.32911392,0.01724138,1.32064823
2.32911392,0.02137931,1.32470703
2.32911392,0.02551724,1.32874906
2.32911392,0.02965517,1.33277441
2.32911392,0.03379310,1.33678313
2.32911392,0.03793103,1.34077530
2.32911392,0.04206897,1.34475098
2.32911392,0.04620690,1.34871025
2.32911392,0.05034483,1.35265316
2.32911392,0.05448276,1.35657980
2.32911392,0.05862069,1.36049022
2.32911392,0.06275862,1.36438449
2.32911392,0.06689655,1.36826268
2.32911392,0.07103448,1.37212486
2.32911392,0.07517241,1.37597109
2.32911392,0.07931034,1.37980144
2.32911392,0.08344828,1.38361597
2.32911392,0.08758621,1.38741474
2.32911392,0.09172414,1.39119783
2.32911392,0.09586207,1.39496530
2.32911392,0.10000000,1.39496530
2.37974684,-0.02000000,1.33764337
2.37974684,-0.01586207,1.33764337
2.37974684,-0.01172414,1.34183877
2.37974684,-0.00758621,1.34601685
2.37974684,-0.00344828,1.35017768
2.37974684,0.00068966,1.35432132
2.37974684,0.00482759,1.35844786
2.37974684,0.00896552,1.36255735
2.37974684,0.01310345,1.36664988
2.37974684,0.01724138,1.37072550
2.37974684,0.02137931,1.37478430
2.37974684,0.02551724,1.37882634
2.37974684,0.02965517,1.38285168
2.37974684,0.03379310,1.38686040
2.37974684,0.03793103,1.39085257
2.37974684,0.04206897,1.39482825
2.37974684,0.04620690,1.39878752
2.37974684,0.05034483,1.40273044
2.37974684,0.05448276,1.40665707
2.37974684,0.05862069,1.41056749
2.37974684,0.06275862,1.41446177
2.37974684,0.06689655,1.41833996
2.37974684,0.07103448,1.42220213
2.37974684,0.07517241,1.42604836
2.37974684,0.07931034,1.42987871
2.37974684,0.08344828,1.43369324
2.37974684,0.08758621,1.43749202
2.37974684,0.09172414,1.44127511
2.37974684,0.09586207,1.44504258
2.37974684,0.10000000,1.44504258
2.43037975,-0.02000000,1.38772064
2.43037975,-0.01586207,1.38772064
2.43037975,-0.01172414,1.39191605
2.43037975,-0.00758621,1.39609413
2.43037975,-0.00344828,1.40025495
2.43037975,0.00068966,1.40439860
2.43037975,0.00482759,1.40852513
2.43037975,0.00896552,1.41263463
2.43037975,0.01310345,1.41672715
2.43037975,0.01724138,1.42080278
2.43037975,0.02137931,1.42486157
2.43037975,0.02551724,1.42890361
2.43037975,0.02965517,1.43292895
2.43037975,0.03379310,1.43693768
2.43037975,0.03793103,1.44092984
2.43037975,0.04206897,1.44490553
2.43037975,0.04620690,1.44886479
2.43037975,0.05034483,1.45280771
2.43037975,0.05448276,1.45673435
2.43037975,0.05862069,1.46064477
2.43037975,0.06275862,1.46453904
2.43037975,0.06689655,1.46841723
2.43037975,0.07103448,1.47227941
2.43037975,0.07517241,1.47612564
2.43037975,0.07931034,1.47995599
2.43037975,0.08344828,1.48377051
2.43037975,0.08758621,1.48756929
2.43037975,0.09172414,1.49135238
2.43037975,0.09586207,1.49511985
2.43037975,0.10000000,1.49511985
2.48101266,-0.02000000,1.43779792
2.48101266,-0.01586207,1.43779792
2.48101266,-0.01172414,1.44199332
2.48101266,-0.00758621,1.44617140
2.48101266,-0.00344828,1.45033223
2.48101266,0.00068966,1.45447587
2.48101266,0.00482759,1.45860241
2.48101266,0.00896552,1.46271190
2.48101266,0.01310345,1.46680443
2.48101266,0.01724138,1.47088005
2.48101266,0.02137931,1.47493885
2.48101266,0.02551724,1.47898088
2.48101266,0.02965517,1.48300623
2.48101266,0.03379310,1.48701495
2.48101266,0.03793103,1.49100712
2.48101266,0.04206897,1.49498280
2.48101266,0.04620690,1.49894207
2.48101266,0.05034483,1.50288499
2.48101266,0.05448276,1.50681162
2.48101266,0.05862069,1.51072204
2.48101266,0.06275862,1.51461631
2.48101266,0.06689655,1.51849451
2.48101266,0.07103448,1.52235668
2.48101266,0.07517241,1.52620291
2.48101266,0.07931034,1.53003326
2.48101266,0.08344828,1.53384779
2.48101266,0.08758621,1.53764657
2.48101266,0.09172414,1.54142966
2.48101266,0.09586207,1.54519713
2.48101266,0.10000000,1.54519713
2.53164557,-0.02000000,1.48787519
2.53164557,-0.01586207,1.48787519
2.53164557,-0.01172414,1.49207060
2.53164557,-0.00758621,1.49624868
2.53164557,-0.00344828,1.50040950
2.53164557,0.00068966,1.50455315
2.53164557,0.00482759,1.50867968
2.53164557,0.00896552,1.51278918
2.53164557,0.01310345,1.51688170
2.53164557,0.01724138,1.52095733
2.53164557,0.02137931,1.52501612
2.53164557,0.02551724,1.52905816
2.53164557,0.02965517,1.53308350
2.53164557,0.03379310,1.53709223
2.53164557,0.03793103,1.54108439
2.53164557,0.04206897,1.54506008
2.53164557,0.04620690,1.54901934
2.53164557,0.05034483,1.55296226
2.53164557,0.05448276,1.55688890
2.53164557,0.05862069,1.56079932
2.53164557,0.06275862,1.56469359
2.53164557,0.06689655,1.56857178
2.53164557,0.07103448,1.57243396
2.53164557,0.07517241,1.57628019
2.53164557,0.07931034,1.58011053
2.53164557,0.08344828,1.58392506
2.53164557,0.08758621,1.58772384
2.53164557,0.09172414,1.59150693
2.53164557,0.09586207,1.59527440
2.53164557,0.10000000,1.59527440
2.58227848,-0.02000000,1.53795247
2.58227848,-0.01586207,1.53795247
2.58227848,-0.01172414,1.54214787
2.58227848,-0.00758621,1.54632595
2.58227848,-0.00344828,1.55048678
2.58227848,0.00068966,1.55463042
2.58227848,0.00482759,1.55875696
2.58227848,0.00896552,1.56286645
2.58227848,0.01310345,1.56695898
2.58227848,0.01724138,1.57103460
2.58227848,0.02137931,1.57509340
2.58227848,0.02551724,1.57913543
2.58227848,0.02965517,1.58316078
2.58227848,0.03379310,1.58716950
2.58227848,0.03793103,1.59116167
2.58227848,0.04206897,1.59513735
2.58227848,0.04620690,1.59909662
2.58227848,0.05034483,1.60303954
2.58227848,0.05448276,1.60696617
2.58227848,0.05862069,1.61087659
2.58227848,0.06275862,1.61477086
2.58227848,0.06689655,1.61864906
2.58227848,0.07103448,1.62251123
2.58227848,0.07517241,1.62635746
2.58227848,0.07931034,1.63018781
2.58227848,0.08344828,1.63400234
2.58227848,0.08758621,1.63780112
2.58227848,0.09172414,1.64158421
2.58227848,0.09586207,1.64535168
2.58227848,0.10000000,1.64535168
2.63291139,-0.02000000,1.58802974
2.63291139,-0.01586207,1.58802974
2.63291139,-0.01172414,1.59222515
2.63291139,-0.00758621,1.59640323
2.63291139,-0.00344828,1.60056405
2.63291139,0.00068966,1.60470770
2.63291139,0.00482759,1.60883423
2.63291139,0.00896552,1.61294373
2.63291139,0.01310345,1.61703625
2.63291139,0.01724138,1.62111188
2.63291139,0.02137931,1.62517067
2.63291139,0.02551724,1.62921271
2.63291139,0.02965517,1.63323805
2.63291139,0.03379310,1.63724677
2.63291139,0.03793103,1.64123894
2.63291139,0.04206897,1.64521463
2.63291139,0.04620690,1.64917389
2.63291139,0.05034483,1.65311681
2.63291139,0.05448276,1.65704344
2.63291139,0.05862069,1.66095387
2.63291139,0.06275862,1.66484814
2.63291139,0.06689655,1.66872633
2.63291139,0.07103448,1.67258851
2.63291139,0.07517241,1.67643474
2.63291139,0.07931034,1.68026508
2.63291139,0.08344828,1.68407961
2.63291139,0.08758621,1.68787839
2.63291139,0.09172414,1.69166148
2.63291139,0.09586207,1.69542895
2.63291139,0.10000000,1.69542895
2.68354430,-0.02000000,1.63810702
2.68354430,-0.01586207,1.63810702
2.68354430,-0.01172414,1.64230242
2.68354430,-0.00758621,1.64648050
2.68354430,-0.00344828,1.65064133
2.68354430,0.00068966,1.65478497
2.68354430,0.00482759,1.65891151
2.68354430,0.00896552,1.66302100
2.68354430,0.01310345,1.66711353
2.68354430,0.01724138,1.67118915
2.68354430,0.02137931,1.67524795
2.68354430,0.02551724,1.67928998
2.68354430,0.02965517,1.68331533
2.68354430,0.03379310,1.68732405
2.68354430,0.03793103,1.69131622
2.68354430,0.04206897,1.69529190
2.68354430,0.04620690,1.69925117
2.68354430,0.05034483,1.70319408
2.68354430,0.05448276,1.70712072
2.68354430,0.05862069,1.71103114
2.68354430,0.06275862,1.71492541
2.68354430,0.06689655,1.71880361
2.68354430,0.07103448,1.72266578
2.68354430,0.07517241,1.72651201
2.68354430,0.07931034,1.73034236
2.68354430,0.08344828,1.73415689
2.68354430,0.08758621,1.73795567
2.68354430,0.09172414,1.74173876
2.68354430,0.09586207,1.74550623
2.68354430,0.10000000,1.74550623
2.73417722,-0.02000000,1.68818429
2.73417722,-0.01586207,1.68818429
2.73417722,-0.01172414,1.69237969
2.73417722,-0.00758621,1.69655777
2.73417722,-0.00344828,1.70071860
2.73417722,0.00068966,1.70486225
2.73417722,0.00482759,1.70898878
2.73417722,0.00896552,1.71309828
2.73417722,0.01310345,1.71719080
2.73417722,0.01724138,1.72126643
2.73417722,0.02137931,1.72532522
2.73417722,0.02551724,1.72936726
2.73417722,0.02965517,1.73339260
2.73417722,0.03379310,1.73740132
2.73417722,0.03793103,1.74139349
2.73417722,0.04206897,1.74536918
2.73417722,0.04620690,1.74932844
2.73417722,0.05034483,1.75327136
2.73417722,0.05448276,1.75719799
2.73417722,0.05862069,1.76110841
2.73417722,0.06275862,1.76500269
2.73417722,0.06689655,1.76888088
2.73417722,0.07103448,1.77274306
2.73417722,0.07517241,1.77658929
2.73417722,0.07931034,1.78041963
2.73417722,0.08344828,1.78423416
2.73417722,0.08758621,1.78803294
2.73417722,0.09172414,1.79181603
2.73417722,0.09586207,1.79558350
2.73417722,0.10000000,1.79558350
2.78481013,-0.02000000,1.73826156
2.78481013,-0.01586207,1.73826156
2.78481013,-0.01172414,1.74245697
2.78481013,-0.00758621,1.74663505
2.78481013,-0.00344828,1.75079588
2.78481013,0.00068966,1.75493952
2.78481013,0.00482759,1.75906606
2.78481013,0.00896552,1.76317555
2.78481013,0.01310345,1.76726808
2.78481013,0.01724138,1.77134370
2.78481013,0.02137931,1.77540250
2.78481013,0.02551724,1.77944453
2.78481013,0.02965517,1.78346988
2.78481013,0.03379310,1.78747860
2.78481013,0.03793103,1.79147077
2.78481013,0.04206897,1.79544645
2.78481013,0.04620690,1.79940572
2.78481013,0.05034483,1.80334863
2.78481013,0.05448276,1.80727527
2.78481013,0.05862069,1.81118569
2.78481013,0.06275862,1.81507996
2.78481013,0.06689655,1.81895815
2.78481013,0.07103448,1.82282033
2.78481013,0.07517241,1.82666656
2.78481013,0.07931034,1.83049691
2.78481013,0.08344828,1.83431144
2.78481013,0.08758621,1.83811021
2.78481013,0.09172414,1.84189331
2.78481013,0.09586207,1.84566078
2.78481013,0.10000000,1.84566078
2.83544304,-0.02000000,1.78833884
2.83544304,-0.01586207,1.78833884
2.83544304,-0.01172414,1.79253424
2.83544304,-0.00758621,1.79671232
2.83544304,-0.00344828,1.80087315
2.83544304,0.00068966,1.80501680
2.83544304,0.00482759,1.80914333
2.83544304,0.00896552,1.81325283
2.83544304,0.01310345,1.81734535
2.83544304,0.01724138,1.82142098
2.83544304,0.02137931,1.82547977
2.83544304,0.02551724,1.82952181
2.83544304,0.02965517,1.83354715
2.83544304,0.03379310,1.83755587
2.83544304,0.03793103,1.84154804
2.83544304,0.04206897,1.84552373
2.83544304,0.04620690,1.84948299
2.83544304,0.05034483,1.85342591
2.83544304,0.05448276,1.85735254
2.83544304,0.05862069,1.86126296
2.83544304,0.06275862,1.86515724
2.83544304,0.06689655,1.86903543
2.83544304,0.07103448,1.87289761
2.83544304,0.07517241,1.87674384
2.83544304,0.07931034,1.88057418
2.83544304,0.08344828,1.88438871
2.83544304,0.08758621,1.88818749
2.83544304,0.09172414,1.89197058
2.83544304,0.09586207,1.89573805
2.83544304,0.10000000,1.89573805
2.88607595,-0.02000000,1.83841611
2.88607595,-0.01586207,1.83841611
2.88607595,-0.01172414,1.84261152
2.88607595,-0.00758621,1.84678960
2.88607595,-0.00344828,1.85095043
2.88607595,0.00068966,1.85509407
2.88607595,0.00482759,1.85922061
2.88607595,0.00896552,1.86333010
2.88607595,0.01310345,1.86742263
2.88607595,0.01724138,1.87149825
2.88607595,0.02137931,1.87555705
2.88607595,0.02551724,1.87959908
2.88607595,0.02965517,1.88362443
2.88607595,0.03379310,1.88763315
2.88607595,0.03793103,1.89162532
2.88607595,0.04206897,1.89560100
2.88607595,0.04620690,1.89956027
2.88607595,0.05034483,1.90350318
2.88607595,0.05448276,1.90742982
2.88607595,0.05862069,1.91134024
2.88607595,0.06275862,1.91523451
2.88607595,0.06689655,1.91911270
2.88607595,0.07103448,1.92297488
2.88607595,0.07517241,1.92682111
2.88607595,0.07931034,1.93065146
2.88607595,0.08344828,1.93446599
2.88607595,0.08758621,1.93826476
2.88607595,0.09172414,1.94204786
2.88607595,0.09586207,1.94581533
2.88607595,0.10000000,1.94581533
2.93670886,-0.02000000,1.88849339
2.93670886,-0.01586207,1.88849339
2.93670886,-0.01172414,1.89268879
2.93670886,-0.00758621,1.89686687
2.93670886,-0.00344828,1.90102770
2.93670886,0.00068966,1.90517135
2.93670886,0.00482759,1.90929788
2.93670886,0.00896552,1.91340738
2.93670886,0.01310345,1.91749990
2.93670886,0.01724138,1.92157553
2.93670886,0.02137931,1.92563432
2.93670886,0.02551724,1.92967636
2.93670886,0.02965517,1.93370170
2.93670886,0.03379310,1.93771042
2.93670886,0.03793103,1.94170259
2.93670886,0.04206897,1.94567827
2.93670886,0.04620690,1.94963754
2.93670886,0.05034483,1.95358046
2.93670886,0.05448276,1.95750709
2.93670886,0.05862069,1.96141751
2.93670886,0.06275862,1.96531179
2.93670886,0.06689655,1.96918998
2.93670886,0.07103448,1.97305216
2.93670886,0.07517241,1.97689838
2.93670886,0.07931034,1.98072873
2.93670886,0.08344828,1.98454326
2.93670886,0.08758621,1.98834204
2.93670886,0.09172414,1.99212513
2.93670886,0.09586207,1.99589260
2.93670886,0.10000000,1.99589260
2.98734177,-0.02000000,1.93857066
2.98734177,-0.01586207,1.93857066
2.98734177,-0.01172414,1.94276607
2.98734177,-0.00758621,1.94694415
2.98734177,-0.00344828,1.95110497
2.98734177,0.00068966,1.95524862
2.98734177,0.00482759,1.95937515
2.98734177,0.00896552,1.96348465
2.98734177,0.01310345,1.96757717
2.98734177,0.01724138,1.97165280
2.98734177,0.02137931,1.97571160
2.98734177,0.02551724,1.97975363
2.98734177,0.02965517,1.98377898
2.98734177,0.03379310,1.98778770
2.98734177,0.03793103,1.99177987
2.98734177,0.04206897,1.99575555
2.98734177,0.04620690,1.99971482
2.98734177,0.05034483,2.00365773
2.98734177,0.05448276,2.00758437
2.98734177,0.05862069,2.01149479
2.98734177,0.06275862,2.01538906
2.98734177,0.06689655,2.01926725
2.98734177,0.07103448,2.02312943
2.98734177,0.07517241,2.02697566
2.98734177,0.07931034,2.03080601
2.98734177,0.08344828,2.03462054
2.98734177,0.08758621,2.03841931
2.98734177,0.09172414,2.04220240
2.98734177,0.09586207,2.04596987
2.98734177,0.10000000,2.04596987
3.03797468,-0.02000000,1.98864794
3.03797468,-0.01586207,1.98864794
3.03797468,-0.01172414,1.99284334
3.03797468,-0.00758621,1.99702142
3.03797468,-0.00344828,2.00118225
3.03797468,0.00068966,2.00532589
3.03797468,0.00482759,2.00945243
3.03797468,0.00896552,2.01356192
3.03797468,0.01310345,2.01765445
3.03797468,0.01724138,2.02173007
3.03797468,0.02137931,2.02578887
3.03797468,0.02551724,2.02983091
3.03797468,0.02965517,2.03385625
3.03797468,0.03379310,2.03786497
3.03797468,0.03793103,2.04185714
3.03797468,0.04206897,2.04583282
3.03797468,0.04620690,2.04979209
3.03797468,0.05034483,2.05373501
3.03797468,0.05448276,2.05766164
3.03797468,0.05862069,2.06157206
3.03797468,0.06275862,2.06546634
3.03797468,0.06689655,2.06934453
3.03797468,0.07103448,2.07320670
3.03797468,0.07517241,2.07705293
3.03797468,0.07931034,2.08088328
3.03797468,0.08344828,2.08469781
3.03797468,0.08758621,2.08849659
3.03797468,0.09172414,2.09227968
3.03797468,0.09586207,2.09604715
3.03797468,0.10000000,2.09604715
3.08860759,-0.02000000,2.03872521
3.08860759,-0.01586207,2.03872521
3.08860759,-0.01172414,2.04292062
3.08860759,-0.00758621,2.04709870
3.08860759,-0.00344828,2.05125952
3.08860759,0.00068966,2.05540317
3.08860759,0.00482759,2.05952970
3.08860759,0.00896552,2.06363920
3.08860759,0.01310345,2.06773172
3.08860759,0.01724138,2.07180735
3.08860759,0.02137931,2.07586614
3.08860759,0.02551724,2.07990818
3.08860759,0.02965517,2.08393352
3.08860759,0.03379310,2.08794225
3.08860759,0.03793103,2.09193442
3.08860759,0.04206897,2.09591010
3.08860759,0.04620690,2.09986936
3.08860759,0.05034483,2.10381228
3.08860759,0.05448276,2.10773892
3.08860759,0.05862069,2.11164934
3.08860759,0.06275862,2.11554361
3.08860759,0.06689655,2.11942180
3.08860759,0.07103448,2.12328398
3.08860759,0.07517241,2.12713021
3.08860759,0.07931034,2.13096056
3.08860759,0.08344828,2.13477508
3.08860759,0.08758621,2.13857386
3.08860759,0.09172414,2.14235695
3.08860759,0.09586207,2.14612442
3.08860759,0.10000000,2.14612442
3.13924051,-0.02000000,2.08880249
3.13924051,-0.01586207,2.08880249
3.13924051,-0.01172414,2.09299789
3.13924051,-0.00758621,2.09717597
3.13924051,-0.00344828,2.10133680
3.13924051,0.00068966,2.10548044
3.13924051,0.00482759,2.10960698
3.13924051,0.00896552,2.11371647
3.13924051,0.01310345,2.11780900
3.13924051,0.01724138,2.12188462
3.13924051,0.02137931,2.12594342
3.13924051,0.02551724,2.12998545
3.13924051,0.02965517,2.13401080
3.13924051,0.03379310,2.13801952
3.13924051,0.03793103,2.14201169
3.13924051,0.04206897,2.14598737
3.13924051,0.04620690,2.14994664
3.13924051,0.05034483,2.15388956
3.13924051,0.05448276,2.15781619
3.13924051,0.05862069,2.16172661
3.13924051,0.06275862,2.16562088
3.13924051,0.06689655,2.16949908
3.13924051,0.07103448,2.17336125
3.13924051,0.07517241,2.17720748
3.13924051,0.07931034,2.18103783
3.13924051,0.08344828,2.18485236
3.13924051,0.08758621,2.18865114
3.13924051,0.09172414,2.19243423
3.13924051,0.09586207,2.19620170
3.13924051,0.10000000,2.19620170
3.18987342,-0.02000000,2.13887976
3.18987342,-0.01586207,2.13887976
3.18987342,-0.01172414,2.14307517
3.18987342,-0.00758621,2.14725325
3.18987342,-0.00344828,2.15141407
3.18987342,0.00068966,2.15555772
3.18987342,0.00482759,2.15968425
3.18987342,0.00896552,2.16379375
3.18987342,0.01310345,2.16788627
3.18987342,0.01724138,2.17196190
3.18987342,0.02137931,2.17602069
3.18987342,0.02551724,2.18006273
3.18987342,0.02965517,2.18408807
3.18987342,0.03379310,2.18809680
3.18987342,0.03793103,2.19208896
3.18987342,0.04206897,2.19606465
3.18987342,0.04620690,2.20002391
3.18987342,0.05034483,2.20396683
3.18987342,0.05448276,2.20789347
3.18987342,0.05862069,2.21180389
3.18987342,0.06275862,2.21569816
3.18987342,0.06689655,2.21957635
3.18987342,0.07103448,2.22343853
3.18987342,0.07517241,2.22728476
3.18987342,0.07931034,2.23111510
3.18987342,0.08344828,2.23492963
3.18987342,0.08758621,2.23872841
3.18987342,0.09172414,2.24251150
3.18987342,0.09586207,2.24627897
3.18987342,0.10000000,2.24627897
3.24050633,-0.02000000,2.18895704
3.24050633,-0.01586207,2.18895704
3.24050633,-0.01172414,2.19315244
3.24050633,-0.00758621,2.19733052
3.24050633,-0.00344828,2.20149135
3.24050633,0.00068966,2.20563499
3.24050633,0.00482759,2.20976153
3.24050633,0.00896552,2.21387102
3.24050633,0.01310345,2.21796355
3.24050633,0.01724138,2.22203917
3.24050633,0.02137931,2.22609797
3.24050633,0.02551724,2.23014000
3.24050633,0.02965517,2.23416535
3.24050633,0.03379310,2.23817407
3.24050633,0.03793103,2.24216624
3.24050633,0.04206897,2.24614192
3.24050633,0.04620690,2.25010119
3.24050633,0.05034483,2.25404411
3.24050633,0.05448276,2.25797074
3.24050633,0.05862069,2.26188116
3.24050633,0.06275862,2.26577543
3.24050633,0.06689655,2.26965363
3.24050633,0.07103448,2.27351580
3.24050633,0.07517241,2.27736203
3.24050633,0.07931034,2.28119238
3.24050633,0.08344828,2.28500691
3.24050633,0.08758621,2.28880569
3.24050633,0.09172414,2.29258878
3.24050633,0.09586207,2.29635625
3.24050633,0.10000000,2.29635625
3.29113924,-0.02000000,2.23903431
3.29113924,-0.01586207,2.23903431
3.29113924,-0.01172414,2.24322972
3.29113924,-0.00758621,2.24740780
3.29113924,-0.00344828,2.25156862
3.29113924,0.00068966,2.25571227
3.29113924,0.00482759,2.25983880
3.29113924,0.00896552,2.26394830
3.29113924,0.01310345,2.26804082
3.29113924,0.01724138,2.27211645
3.29113924,0.02137931,2.27617524
3.29113924,0.02551724,2.28021728
3.29113924,0.02965517,2.28424262
3.29113924,0.03379310,2.28825135
3.29113924,0.03793103,2.29224351
3.29113924,0.04206897,2.29621920
3.29113924,0.04620690,2.30017846
3.29113924,0.05034483,2.30412138
3.29113924,0.05448276,2.30804802
3.29113924,0.05862069,2.31195844
3.29113924,0.06275862,2.31585271
3.29113924,0.06689655,2.31973090
3.29113924,0.07103448,2.32359308
3.29113924,0.07517241,2.32743931
3.29113924,0.07931034,2.33126965
3.29113924,0.08344828,2.33508418
3.29113924,0.08758621,2.33888296
3.29113924,0.09172414,2.34266605
3.29113924,0.09586207,2.34643352
3.29113924,0.10000000,2.34643352
3.34177215,-0.02000000,2.28911159
3.34177215,-0.01586207,2.28911159
3.34177215,-0.01172414,2.29330699
3.34177215,-0.00758621,2.29748507
3.34177215,-0.00344828,2.30164590
3.34177215,0.00068966,2.30578954
3.34177215,0.00482759,2.30991608
3.34177215,0.00896552,2.31402557
3.34177215,0.01310345,2.31811810
3.34177215,0.01724138,2.32219372
3.34177215,0.02137931,2.32625252
3.34177215,0.02551724,2.33029455
3.34177215,0.02965517,2.33431990
3.34177215,0.03379310,2.33832862
3.34177215,0.03793103,2.34232079
3.34177215,0.04206897,2.34629647
3.34177215,0.04620690,2.35025574
3.34177215,0.05034483,2.35419865
3.34177215,0.05448276,2.35812529
3.34177215,0.05862069,2.36203571
3.34177215,0.06275862,2.36592998
3.34177215,0.06689655,2.36980818
3.34177215,0.07103448,2.37367035
3.34177215,0.07517241,2.37751658
3.34177215,0.07931034,2.38134693
3.34177215,0.08344828,2.38516146
3.34177215,0.08758621,2.38896024
3.34177215,0.09172414,2.39274333
3.34177215,0.09586207,2.39651080
3.34177215,0.10000000,2.39651080
3.39240506,-0.02000000,2.33918886
3.39240506,-0.01586207,2.33918886
3.39240506,-0.01172414,2.34338426
3.39240506,-0.00758621,2.34756234
3.39240506,-0.00344828,2.35172317
3.39240506,0.00068966,2.35586682
3.39240506,0.00482759,2.35999335
3.39240506,0.00896552,2.36410285
3.39240506,0.01310345,2.36819537
3.39240506,0.01724138,2.37227100
3.39240506,0.02137931,2.37632979
3.39240506,0.02551724,2.38037183
3.39240506,0.02965517,2.38439717
3.39240506,0.03379310,2.38840589
3.39240506,0.03793103,2.39239806
3.39240506,0.04206897,2.39637375
3.39240506,0.04620690,2.40033301
3.39240506,0.05034483,2.40427593
3.39240506,0.05448276,2.40820256
3.39240506,0.05862069,2.41211298
3.39240506,0.06275862,2.41600726
3.39240506,0.06689655,2.41988545
3.39240506,0.07103448,2.42374763
3.39240506,0.07517241,2.42759386
3.39240506,0.07931034,2.43142420
3.39240506,0.08344828,2.43523873
3.39240506,0.08758621,2.43903751
3.39240506,0.09172414,2.44282060
3.39240506,0.09586207,2.44658807
3.39240506,0.10000000,2.44658807
3.44303797,-0.02000000,2.38926614
3.44303797,-0.01586207,2.38926614
3.44303797,-0.01172414,2.39346154
3.44303797,-0.00758621,2.39763962
3.44303797,-0.00344828,2.40180045
3.44303797,0.00068966,2.40594409
3.44303797,0.00482759,2.41007063
3.44303797,0.00896552,2.41418012
3.44303797,0.01310345,2.41827265
3.44303797,0.01724138,2.42234827
3.44303797,0.02137931,2.42640707
3.44303797,0.02551724,2.43044910
3.44303797,0.02965517,2.43447445
3.44303797,0.03379310,2.43848317
3.44303797,0.03793103,2.44247534
3.44303797,0.04206897,2.44645102
3.44303797,0.04620690,2.45041029
3.44303797,0.05034483,2.45435320
3.44303797,0.05448276,2.45827984
3.44303797,0.05862069,2.46219026
3.44303797,0.06275862,2.46608453
3.44303797,0.06689655,2.46996272
3.44303797,0.07103448,2.47382490
3.44303797,0.07517241,2.47767113
3.44303797,0.07931034,2.48150148
3.44303797,0.08344828,2.48531601
3.44303797,0.08758621,2.48911478
3.44303797,0.09172414,2.49289788
3.44303797,0.09586207,2.49666535
3.44303797,0.10000000,2.49666535
3.49367089,-0.02000000,2.43934341
3.49367089,-0.01586207,2.43934341
3.49367089,-0.01172414,2.44353881
3.49367089,-0.00758621,2.44771689
3.49367089,-0.00344828,2.45187772
3.49367089,0.00068966,2.45602137
3.49367089,0.00482759,2.46014790
3.49367089,0.00896552,2.46425740
3.49367089,0.01310345,2.46834992
3.49367089,0.01724138,2.47242555
3.49367089,0.02137931,2.47648434
3.49367089,0.02551724,2.48052638
3.49367089,0.02965517,2.48455172
3.49367089,0.03379310,2.48856044
3.49367089,0.03793103,2.49255261
3.49367089,0.04206897,2.49652830
3.49367089,0.04620690,2.50048756
3.49367089,0.05034483,2.50443048
3.49367089,0.05448276,2.50835711
3.49367089,0.05862069,2.51226753
3.49367089,0.06275862,2.51616181
3.49367089,0.06689655,2.52004000
3.49367089,0.07103448,2.52390218
3.49367089,0.07517241,2.52774841
3.49367089,0.07931034,2.53157875
3.49367089,0.08344828,2.53539328
3.49367089,0.08758621,2.53919206
3.49367089,0.09172414,2.54297515
3.49367089,0.09586207,2.54674262
3.49367089,0.10000000,2.54674262
3.54430380,-0.02000000,2.48942068
3.54430380,-0.01586207,2.48942068
3.54430380,-0.01172414,2.49361609
3.54430380,-0.00758621,2.49779417
3.54430380,-0.00344828,2.50195500
3.54430380,0.00068966,2.50609864
3.54430380,0.00482759,2.51022518
3.54430380,0.00896552,2.51433467
3.54430380,0.01310345,2.51842720
3.54430380,0.01724138,2.52250282
3.54430380,0.02137931,2.52656162
3.54430380,0.02551724,2.53060365
3.54430380,0.02965517,2.53462900
3.54430380,0.03379310,2.53863772
3.54430380,0.03793103,2.54262989
3.54430380,0.04206897,2.54660557
3.54430380,0.04620690,2.55056484
3.54430380,0.05034483,2.55450775
3.54430380,0.05448276,2.55843439
3.54430380,0.05862069,2.56234481
3.54430380,0.06275862,2.56623908
3.54430380,0.06689655,2.57011727
3.54430380,0.07103448,2.57397945
3.54430380,0.07517241,2.57782568
3.54430380,0.07931034,2.58165603
3.54430380,0.08344828,2.58547056
3.54430380,0.08758621,2.58926933
3.54430380,0.09172414,2.59305243
3.54430380,0.09586207,2.59681989
3.54430380,0.10000000,2.59681989
3.59493671,-0.02000000,2.53949796
3.59493671,-0.01586207,2.53949796
3.59493671,-0.01172414,2.54369336
3.59493671,-0.00758621,2.54787144
3.59493671,-0.00344828,2.55203227
3.59493671,0.00068966,2.55617592
3.59493671,0.00482759,2.56030245
3.59493671,0.00896552,2.56441195
3.59493671,0.01310345,2.56850447
3.59493671,0.01724138,2.57258010
3.59493671,0.02137931,2.57663889
3.59493671,0.02551724,2.58068093
3.59493671,0.02965517,2.58470627
3.59493671,0.03379310,2.58871499
3.59493671,0.03793103,2.59270716
3.59493671,0.04206897,2.59668284
3.59493671,0.04620690,2.60064211
3.59493671,0.05034483,2.60458503
3.59493671,0.05448276,2.60851166
3.59493671,0.05862069,2.61242208
3.59493671,0.06275862,2.61631636
3.59493671,0.06689655,2.62019455
3.59493671,0.07103448,2.62405673
3.59493671,0.07517241,2.62790295
3.59493671,0.07931034,2.63173330
3.59493671,0.08344828,2.63554783
3.59493671,0.08758621,2.63934661
3.59493671,0.09172414,2.64312970
3.59493671,0.09586207,2.64689717
3.59493671,0.10000000,2.64689717
3.64556962,-0.02000000,2.58957523
3.64556962,-0.01586207,2.58957523
3.64556962,-0.01172414,2.59377064
3.64556962,-0.00758621,2.59794872
3.64556962,-0.00344828,2.60210954
3.64556962,0.00068966,2.60625319
3.64556962,0.00482759,2.61037973
3.64556962,0.00896552,2.61448922
3.64556962,0.01310345,2.61858174
3.64556962,0.01724138,2.62265737
3.64556962,0.02137931,2.62671617
3.64556962,0.02551724,2.63075820
3.64556962,0.02965517,2.63478355
3.64556962,0.03379310,2.63879227
3.64556962,0.03793103,2.64278444
3.64556962,0.04206897,2.64676012
3.64556962,0.04620690,2.65071939
3.64556962,0.05034483,2.65466230
3.64556962,0.05448276,2.65858894
3.64556962,0.05862069,2.66249936
3.64556962,0.06275862,2.66639363
3.64556962,0.06689655,2.67027182
3.64556962,0.07103448,2.67413400
3.64556962,0.07517241,2.67798023
3.64556962,0.07931034,2.68181058
3.64556962,0.08344828,2.68562511
3.64556962,0.08758621,2.68942388
3.64556962,0.09172414,2.69320697
3.64556962,0.09586207,2.69697444
3.64556962,0.10000000,2.69697444
3.69620253,-0.02000000,2.63965251
3.69620253,-0.01586207,2.63965251
3.69620253,-0.01172414,2.64384791
3.69620253,-0.00758621,2.64802599
3.69620253,-0.00344828,2.65218682
3.69620253,0.00068966,2.65633047
3.69620253,0.00482759,2.66045700
3.69620253,0.00896552,2.66456649
3.69620253,0.01310345,2.66865902
3.69620253,0.01724138,2.67273464
3.69620253,0.02137931,2.67679344
3.69620253,0.02551724,2.68083548
3.69620253,0.02965517,2.68486082
3.69620253,0.03379310,2.68886954
3.69620253,0.03793103,2.69286171
3.69620253,0.04206897,2.69683739
3.69620253,0.04620690,2.70079666
3.69620253,0.05034483,2.70473958
3.69620253,0.05448276,2.70866621
3.69620253,0.05862069,2.71257663
3.69620253,0.06275862,2.71647091
3.69620253,0.06689655,2.72034910
3.69620253,0.07103448,2.72421127
3.69620253,0.07517241,2.72805750
3.69620253,0.07931034,2.73188785
3.69620253,0.08344828,2.73570238
3.69620253,0.08758621,2.73950116
3.69620253,0.09172414,2.74328425
3.69620253,0.09586207,2.74705172
3.69620253,0.10000000,2.74705172
3.74683544,-0.02000000,2.68972978
3.74683544,-0.01586207,2.68972978
3.74683544,-0.01172414,2.69392519
3.74683544,-0.00758621,2.69810327
3.74683544,-0.00344828,2.70226409
3.74683544,0.00068966,2.70640774
3.74683544,0.00482759,2.71053427
3.74683544,0.00896552,2.71464377
3.74683544,0.01310345,2.71873629
3.74683544,0.01724138,2.72281192
3.74683544,0.02137931,2.72687072
3.74683544,0.02551724,2.73091275
3.74683544,0.02965517,2.73493809
3.74683544,0.03379310,2.73894682
3.74683544,0.03793103,2.74293899
3.74683544,0.04206897,2.74691467
3.74683544,0.04620690,2.75087393
3.74683544,0.05034483,2.75481685
3.74683544,0.05448276,2.75874349
3.74683544,0.05862069,2.76265391
3.74683544,0.06275862,2.76654818
3.74683544,0.06689655,2.77042637
3.74683544,0.07103448,2.77428855
3.74683544,0.07517241,2.77813478
3.74683544,0.07931034,2.78196512
3.74683544,0.08344828,2.78577965
3.74683544,0.08758621,2.78957843
3.74683544,0.09172414,2.79336152
3.74683544,0.09586207,2.79712899
3.74683544,0.10000000,2.79712899
3.79746835,-0.02000000,2.73980706
3.79746835,-0.01586207,2.73980706
3.79746835,-0.01172414,2.74400246
3.79746835,-0.00758621,2.74818054
3.79746835,-0.00344828,2.75234137
3.79746835,0.00068966,2.75648501
3.79746835,0.00482759,2.76061155
3.79746835,0.00896552,2.76472104
3.79746835,0.01310345,2.76881357
3.79746835,0.01724138,2.77288919
3.79746835,0.02137931,2.77694799
3.79746835,0.02551724,2.78099003
3.79746835,0.02965517,2.78501537
3.79746835,0.03379310,2.78902409
3.79746835,0.03793103,2.79301626
3.79746835,0.04206897,2.79699194
3.79746835,0.04620690,2.80095121
3.79746835,0.05034483,2.80489413
3.79746835,0.05448276,2.80882076
3.79746835,0.05862069,2.81273118
3.79746835,0.06275862,2.81662545
3.79746835,0.06689655,2.82050365
3.79746835,0.07103448,2.82436582
3.79746835,0.07517241,2.82821205
3.79746835,0.07931034,2.83204240
3.79746835,0.08344828,2.83585693
3.79746835,0.08758621,2.83965571
3.79746835,0.09172414,2.84343880
3.79746835,0.09586207,2.84720627
3.79746835,0.10000000,2.84720627
3.84810127,-0.02000000,2.78988433
3.84810127,-0.01586207,2.78988433
3.84810127,-0.01172414,2.79407974
3.84810127,-0.00758621,2.79825782
3.84810127,-0.00344828,2.80241864
3.84810127,0.00068966,2.80656229
3.84810127,0.00482759,2.81068882
3.84810127,0.00896552,2.81479832
3.84810127,0.01310345,2.81889084
3.84810127,0.01724138,2.82296647
3.84810127,0.02137931,2.82702526
3.84810127,0.02551724,2.83106730
3.84810127,0.02965517,2.83509264
3.84810127,0.03379310,2.83910137
3.84810127,0.03793103,2.84309353
3.84810127,0.04206897,2.84706922
3.84810127,0.04620690,2.85102848
3.84810127,0.05034483,2.85497140
3.84810127,0.05448276,2.85889804
3.84810127,0.05862069,2.86280846
3.84810127,0.06275862,2.86670273
3.84810127,0.06689655,2.87058092
3.84810127,0.07103448,2.87444310
3.84810127,0.07517241,2.87828933
3.84810127,0.07931034,2.88211967
3.84810127,0.08344828,2.88593420
3.84810127,0.08758621,2.88973298
3.84810127,0.09172414,2.89351607
3.84810127,0.09586207,2.89728354
3.84810127,0.10000000,2.89728354
3.89873418,-0.02000000,2.83996161
3.89873418,-0.01586207,2.83996161
3.89873418,-0.01172414,2.84415701
3.89873418,-0.00758621,2.84833509
3.89873418,-0.00344828,2.85249592
3.89873418,0.00068966,2.85663956
3.89873418,0.00482759,2.86076610
3.89873418,0.00896552,2.86487559
3.89873418,0.01310345,2.86896812
3.89873418,0.01724138,2.87304374
3.89873418,0.02137931,2.87710254
3.89873418,0.02551724,2.88114457
3.89873418,0.02965517,2.88516992
3.89873418,0.03379310,2.88917864
3.89873418,0.03793103,2.89317081
3.89873418,0.04206897,2.89714649
3.89873418,0.04620690,2.90110576
3.89873418,0.05034483,2.90504868
3.89873418,0.05448276,2.90897531
3.89873418,0.05862069,2.91288573
3.89873418,0.06275862,2.91678000
3.89873418,0.06689655,2.92065820
3.89873418,0.07103448,2.92452037
3.89873418,0.07517241,2.92836660
3.89873418,0.07931034,2.93219695
3.89873418,0.08344828,2.93601148
3.89873418,0.08758621,2.93981026
3.89873418,0.09172414,2.94359335
3.89873418,0.09586207,2.94736082
3.89873418,0.10000000,2.94736082
3.94936709,-0.02000000,2.89003888
3.94936709,-0.01586207,2.89003888
3.94936709,-0.01172414,2.89423429
3.94936709,-0.00758621,2.89841237
3.94936709,-0.00344828,2.90257319
3.94936709,0.00068966,2.90671684
3.94936709,0.00482759,2.91084337
3.94936709,0.00896552,2.91495287
3.94936709,0.01310345,2.91904539
3.94936709,0.01724138,2.92312102
3.94936709,0.02137931,2.92717981
3.94936709,0.02551724,2.93122185
3.94936709,0.02965517,2.93524719
3.94936709,0.03379310,2.93925592
3.94936709,0.03793103,2.94324808
3.94936709,0.04206897,2.94722377
3.94936709,0.04620690,2.95118303
3.94936709,0.05034483,2.95512595
3.94936709,0.05448276,2.95905258
3.94936709,0.05862069,2.96296301
3.94936709,0.06275862,2.96685728
3.94936709,0.06689655,2.97073547
3.94936709,0.07103448,2.97459765
3.94936709,0.07517241,2.97844388
3.94936709,0.07931034,2.98227422
3.94936709,0.08344828,2.98608875
3.94936709,0.08758621,2.98988753
3.94936709,0.09172414,2.99367062
3.94936709,0.09586207,2.99743809
3.94936709,0.10000000,2.99743809
4.00000000,-0.02000000,2.93590336
4.00000000,-0.01586207,2.94011616
4.00000000,-0.01172414,2.94431156
4.00000000,-0.00758621,2.94848964
4.00000000,-0.00344828,2.95265047
4.00000000,0.00068966,2.95679411
4.00000000,0.00482759,2.96092065
4.00000000,0.00896552,2.96503014
4.00000000,0.01310345,2.96912267
4.00000000,0.01724138,2.97319829
4.00000000,0.02137931,2.97725709
4.00000000,0.02551724,2.98129912
4.00000000,0.02965517,2.98532447
4.00000000,0.03379310,2.98933319
4.00000000,0.03793103,2.99332536
4.00000000,0.04206897,2.99730104
4.00000000,0.04620690,3.00126031
4.00000000,0.05034483,3.00520322
4.00000000,0.05448276,3.00912986
4.00000000,0.05862069,3.01304028
4.00000000,0.06275862,3.01693455
4.00000000,0.06689655,3.02081274
4.00000000,0.07103448,3.02467492
4.00000000,0.07517241,3.02852115
4.00000000,0.07931034,3.03235150
4.00000000,0.08344828,3.03616603
4.00000000,0.08758621,3.03996480
4.00000000,0.09172414,3.04374790
4.00000000,0.09586207,3.04751537
4.00000000,0.10000000,3.05126728
